ACCIDENT_YEAR,COLLISION_DATE,COLLISION_TIME,MONTH,SEASON,24HOURS,DAY_OF_WEEK,INTERSECTION,WEATHER_1,STATE_HWY_IND,ROAD_SURFACE,ROAD_COND_1,LIGHTING,STWD_VEHTYPE_AT_FAULT,CHP_VEHTYPE_AT_FAULT,DIRECTION,PCF_VIOL_CATEGORY,TYPE_OF_COLLISION,PEDESTRIAN_ACCIDENT,BICYCLE_ACCIDENT,MOTORCYCLE_ACCIDENT,TRUCK_ACCIDENT,MVIW,TOW_AWAY,HIT_AND_RUN,CONTROL_DEVICE,NUMBER_INJURED,COUNT_PED_INJURED,COUNT_BICYCLIST_INJURED,COUNT_MC_INJURED,PCF_VIOLATION,PARTY_COUNT,POINT_Y,POINT_X,COLLISION_SEVERITY
2012,2012-01-25,1840,1,4,18,3,Y,A,Y,A,H,C,A,01,,10,G,Y,,,,B,N,N,A,1,1,0,0,21950.0,2,39.39852885,-123.34957159,4
2012,2012-02-17,600,2,4,6,5,N,A,N,C,H,D,A,01,E,08,E,,,,,I,Y,N,D,1,0,0,0,22107.0,1,39.68115529,-123.65056442,3
2012,2012-02-27,1345,2,4,13,1,N,A,Y,A,H,A,-,- ,N,03,C,,,,,C,Y,N,D,1,0,0,0,22350.0,2,39.46145508,-123.80624103,3
2012,2012-03-02,250,3,1,2,5,N,A,N,A,H,D,A,01,W,01,E,,,,,I,Y,N,A,1,0,0,0,23152.0,1,39.39823698,-123.78437175,3
2012,2012-03-02,2250,3,1,22,5,N,A,N,A,H,C,A,01,E,01,E,,,,,I,Y,N,D,1,0,0,0,23152.0,1,39.12954265,-123.13156474,2
2012,2012-03-06,823,3,1,8,2,N,A,Y,B,H,A,A,01,N,03,E,,,,,I,Y,N,D,1,0,0,0,22350.0,1,39.60047645,-123.45398785,4
2012,2012-03-06,1455,3,1,14,2,N,A,Y,A,H,A,A,07,W,03,C,,,,,C,N,N,D,1,0,0,0,22350.0,2,39.68775506,-123.48307356,4
2012,2012-03-16,2000,3,1,20,5,N,B,Y,B,H,D,D,22,N,03,F,,,,,A,N,N,D,1,0,0,0,22350.0,1,39.69806503,-123.80018361,4
2012,2012-03-19,1500,3,1,15,1,N,B,N,A,H,A,-,- ,N,08,B,,,,,C,N,N,D,1,0,0,0,22100.0,2,39.1366523,-123.20542859,4
2012,2012-03-23,1515,3,1,15,5,Y,A,N,A,H,A,N,60,,11,G,Y,,,,B,N,N,D,1,1,0,0,21950.0,2,39.151647,-123.192756,3
2012,2012-03-20,932,3,1,9,2,Y,C,Y,B,H,A,A,07,,09,D,,,,,C,Y,N,D,2,0,0,0,21802.0,2,39.13598504,-123.19369345,3
2012,2012-03-14,1608,3,1,16,3,Y,B,Y,B,H,A,A,01,,09,D,,,,,C,Y,N,D,3,0,0,0,21802.0,2,39.51709703,-123.3909766,4
2012,2012-03-14,1530,3,1,15,3,N,B,N,B,H,A,A,07,N,03,F,,,,,A,Y,N,D,2,0,0,0,22350.0,1,39.59113386,-123.45753738,3
2012,2012-03-14,1150,3,1,11,3,N,B,Y,B,H,A,A,01,E,03,E,,,,,I,Y,N,D,1,0,0,0,22350.0,1,39.71279852,-123.31271217,4
2012,2012-03-15,1810,3,1,18,4,N,C,Y,B,H,A,A,01,W,08,E,,,,,I,Y,N,D,1,0,0,0,22107.0,1,39.38865995,-123.43172043,4
2012,2012-03-22,1804,3,1,18,4,N,A,Y,A,H,A,-,- ,N,03,C,,,,,C,N,N,D,1,0,0,0,22350.0,2,39.14880504,-123.19651345,4
2012,2012-03-12,2220,3,1,22,1,N,B,Y,B,H,D,A,07,W,03,F,,,,,A,Y,N,D,1,0,0,0,22350.0,1,39.37046711,-123.49622352,2
2012,2012-03-13,1635,3,1,16,2,N,B,N,B,H,A,A,01,S,03,C,,,,,C,N,N,D,2,0,0,0,22350.0,2,39.16595051,-123.21083222,4
2012,2012-03-08,1135,3,1,11,4,N,A,N,A,H,A,D,22,N,03,C,,,,,C,Y,N,D,1,0,0,0,22350.0,3,39.15769475,-123.20850565,4
2012,2012-03-23,1158,3,1,11,5,Y,A,N,A,H,A,A,01,,09,D,,,,,C,Y,N,A,1,0,0,0,21802.0,2,39.14936488,-123.20749344,4
2012,2012-06-08,1050,6,2,10,5,N,A,Y,A,H,A,D,22,N,08,E,,,,,I,Y,N,D,1,0,0,0,22107.0,1,39.63418809,-123.46810555,1
2012,2012-03-25,2500,3,1,25,7,N,B,Y,B,H,D,A,01,E,01,E,,,,,I,Y,N,D,0,0,0,0,23152.0,1,38.89620042,-123.20976313,1
2012,2012-03-16,1025,3,1,10,5,N,B,Y,B,H,A,A,01,E,03,E,,,,,I,Y,N,D,0,0,0,0,22350.0,1,39.39385338,-123.45770161,1
2012,2012-02-24,1345,2,4,13,5,N,A,Y,A,H,A,A,01,S,08,E,,,,,I,Y,N,D,1,0,0,0,22107.0,1,39.93741853,-123.77419671,3
2012,2012-03-30,1610,3,1,16,5,N,B,N,B,H,A,A,01,N,01,E,,,,,I,Y,N,D,1,0,0,0,23152.0,1,38.96604932,-123.09977165,2
2012,2012-03-30,945,3,1,9,5,N,B,Y,B,H,A,A,07,W,03,C,,,,,C,N,N,D,1,0,0,0,22350.0,2,39.17412821,-123.21279085,4
2012,2012-03-20,600,3,1,6,2,N,A,Y,B,H,D,A,01,E,08,E,,,,,I,Y,N,D,1,0,0,0,22107.0,1,39.86500505,-123.71464362,3
2012,2012-03-03,1535,3,1,15,6,N,A,Y,A,H,A,C,02,S,01,E,,,Y,,I,N,N,D,1,0,0,1,23152.0,1,39.13721321,-123.19569302,3
2012,2012-02-26,300,2,4,3,7,N,A,N,A,H,D,A,01,E,08,E,,,,,I,Y,N,D,1,0,0,0,22107.0,1,,,4
2012,2012-02-29,1100,2,4,11,3,N,B,N,B,H,A,A,01,E,08,E,,,,,I,Y,N,D,1,0,0,0,22107.0,1,39.22367129,-123.76202961,4
2012,2012-04-08,1005,4,1,10,7,N,B,Y,A,H,A,A,01,E,03,E,,,,,J,Y,N,D,1,0,0,0,22350.0,1,38.87208129,-123.09676437,3
2012,2012-02-23,2055,2,4,20,4,N,A,N,A,H,D,C,02,S,03,A,,,Y,,C,Y,F,A,3,0,0,1,22350.0,3,39.1927493,-123.20691478,4
2012,2012-03-21,1535,3,1,15,3,Y,B,N,A,H,A,A,01,,08,B,,,,,C,Y,N,D,1,0,0,0,22107.0,2,39.20769491,-123.20347345,4
2012,2012-04-01,530,4,1,5,7,N,A,N,B,H,D,D,22,E,08,B,,,,,E,Y,M,D,1,0,0,0,22107.0,2,39.16812499,-123.21850601,3
2012,2012-03-28,1605,3,1,16,3,N,B,Y,A,H,A,D,22,N,08,E,,,,,I,Y,N,D,1,0,0,0,22107.0,1,39.79525845,-123.5423695,4
2012,2012-03-20,1830,3,1,18,2,N,B,Y,B,H,A,A,01,N,03,E,,,,,I,Y,N,D,1,0,0,0,22350.0,1,39.29566427,-123.27853033,3
2012,2012-03-23,1429,3,1,14,5,N,B,Y,A,H,A,A,07,S,01,E,,,,,I,Y,N,D,2,0,0,0,23152.0,1,39.52788915,-123.75923397,2
2012,2012-03-24,746,3,1,7,6,N,C,Y,B,H,A,-,- ,E,18,E,,,,,I,Y,N,D,1,0,0,0,,1,39.12747422,-123.52483572,3
2012,2012-03-27,1245,3,1,12,2,N,B,N,B,H,A,D,22,E,03,E,,,,,I,Y,N,D,1,0,0,0,22350.0,1,39.28083711,-123.20152402,4
2012,2012-03-11,630,3,1,6,7,N,B,N,B,H,D,A,01,E,08,E,,,,,I,N,N,D,2,0,0,0,22107.0,1,38.76675186,-123.5198672,3
2012,2012-03-25,430,3,1,4,7,N,B,Y,B,H,D,A,01,S,08,F,,,,,A,Y,N,D,2,0,0,0,22107.0,1,38.87996854,-123.04888945,3
2012,2012-03-19,500,3,1,5,1,N,B,Y,C,H,D,A,01,S,08,F,,,,,A,Y,N,D,1,0,0,0,22107.0,1,39.83447725,-123.63040743,2
2012,2012-04-07,950,4,1,9,6,N,A,Y,A,H,A,D,22,W,08,E,,,,,I,Y,N,D,2,0,0,0,22107.0,1,39.15745916,-123.63137243,3
2012,2012-03-16,916,3,1,9,5,N,B,Y,B,H,C,A,01,S,08,E,,,,,I,N,N,D,2,0,0,0,22107.0,1,39.18274232,-123.21191372,4
2012,2012-04-15,2350,4,1,23,7,N,B,Y,A,H,D,A,01,N,08,E,,,,,I,Y,N,D,1,0,0,0,22107.0,1,39.8259419,-123.67031224,4
2012,2012-03-30,1659,3,1,16,5,N,B,Y,B,H,A,D,22,N,03,C,,,,,C,Y,N,D,2,0,0,0,22350.0,2,39.37737345,-123.33719317,3
2012,2012-04-10,830,4,1,8,2,N,B,Y,B,H,A,A,01,S,08,F,,,,,A,Y,N,D,1,0,0,0,22107.0,1,39.64051391,-123.47150719,3
2012,2012-03-17,1930,3,1,19,6,N,B,Y,A,H,B,A,07,W,01,E,,,,,I,Y,N,D,1,0,0,0,23152.0,1,39.81680444,-123.22618971,4
2012,2012-04-07,325,4,1,3,6,N,A,N,A,H,D,A,01,S,08,E,,,,,I,Y,N,D,1,0,0,0,22107.0,1,39.26179791,-123.22048903,4
2012,2012-04-14,215,4,1,2,6,N,B,Y,A,H,D,A,01,S,21,G,Y,,,,B,N,F,D,1,1,0,0,22106.0,2,38.95778,-123.6859687,4
2012,2012-04-22,1350,4,1,13,7,N,A,Y,A,H,A,A,01,N,09,D,,,,,C,Y,N,D,1,0,0,0,21801.0,2,39.68514348,-123.47966477,4
2012,2012-03-18,1045,3,1,10,7,N,B,N,B,H,A,A,01,E,03,E,,,,,I,Y,N,D,1,0,0,0,22350.0,1,39.266005,-123.21474961,3
2012,2012-04-24,825,4,1,8,2,N,B,Y,A,D,A,A,01,S,03,C,,,,,C,N,N,D,1,0,0,0,22350.0,2,39.22369687,-123.20713464,4
2012,2012-04-07,1745,4,1,17,6,N,B,Y,A,H,A,A,01,S,08,E,,,,,I,Y,N,D,1,0,0,0,22107.0,1,39.77727673,-123.54374566,3
2012,2012-04-19,2230,4,1,22,4,N,A,Y,A,H,D,A,01,N,01,B,,,,,A,Y,N,D,1,0,0,0,23152.0,2,39.35810501,-123.80855356,4
2012,2012-04-08,1015,4,1,10,7,N,A,Y,A,H,A,A,01,S,08,E,,,,,I,Y,N,D,1,0,0,0,22107.0,1,39.32481324,-123.30133041,3
2011,2011-12-28,1800,12,4,18,3,Y,C,Y,B,H,D,A,07,,10,G,Y,,,,B,N,N,D,2,2,0,0,21950.0,3,39.41362713,-123.35454894,4
2012,2012-04-11,1323,4,1,13,3,N,B,N,A,H,A,-,- ,E,03,C,,,,,C,N,N,D,2,0,0,0,22350.0,2,39.15002374,-123.20749104,4
2012,2012-04-26,945,4,1,9,4,N,B,N,B,H,A,A,01,W,01,A,,,,,C,Y,N,D,2,0,0,0,23152.0,3,39.59187484,-123.45618928,3
2012,2012-04-15,820,4,1,8,7,N,B,Y,A,H,A,A,07,N,08,E,,,,,I,Y,N,D,1,0,0,0,22107.0,1,39.73498098,-123.51353287,3
2012,2012-04-21,1911,4,1,19,6,Y,A,N,A,H,A,-,- ,,03,C,,,,,C,N,N,A,1,0,0,0,22350.0,2,39.15406493,-123.20823348,4
2012,2012-04-06,1934,4,1,19,5,Y,A,N,A,H,A,-,- ,,00,D,,,,,C,Y,N,A,4,0,0,0,,2,39.1458049,-123.2068334,2
2012,2012-04-25,1820,4,1,18,3,N,B,Y,B,H,A,A,08,W,08,A,,,,,C,Y,N,D,2,0,0,0,22107.0,2,39.38408076,-123.69467761,2
2012,2012-04-24,1406,4,1,14,2,N,B,Y,A,H,A,A,01,S,08,E,,,,,I,Y,N,D,1,0,0,0,22107.0,1,39.99198367,-123.7885204,3
2012,2012-04-24,720,4,1,7,2,N,B,Y,B,H,A,A,07,S,03,F,,,,,A,Y,N,D,2,0,0,0,22350.0,1,39.13521066,-123.19551411,3
2012,2012-03-23,1336,3,1,13,5,Y,B,N,A,H,A,-,- ,,10,G,Y,,,,B,N,N,D,1,1,0,0,21950.0,2,39.13944489,-123.2058834,2
2012,2012-04-27,1842,4,1,18,5,Y,A,N,A,H,A,-,- ,,18,-,,,,,A,N,N,D,1,0,0,0,,1,39.20769491,-123.20347345,3
2012,2012-05-04,117,5,1,1,5,N,B,N,B,H,D,D,22,E,01,E,,,,,I,Y,N,D,1,0,0,0,23152.0,1,39.41143284,-123.79784907,3
2012,2012-05-03,807,5,1,8,4,N,B,Y,B,H,A,F,26,E,03,E,,,,Y,I,Y,N,D,1,0,0,0,22350.0,1,39.36039502,-123.64632354,4
2012,2012-04-26,225,4,1,2,4,N,B,Y,B,H,D,A,01,S,01,E,,,,,I,Y,N,D,1,0,0,0,23152.0,1,39.34441632,-123.31831523,3
2012,2012-04-26,1550,4,1,15,4,N,A,Y,A,H,A,-,- ,N,08,B,,,,,C,N,N,A,1,0,0,0,22107.0,2,39.43019271,-123.80639796,4
2012,2012-05-05,1605,5,1,16,6,Y,A,N,A,H,A,A,07,,12,D,,,,,C,N,N,A,3,0,0,0,22450.0,2,39.23354492,-123.20251342,4
2012,2012-05-02,1330,5,1,13,3,N,A,N,A,B,A,C,02,E,03,F,,,Y,,A,N,N,D,1,0,0,1,22350.0,1,39.26222663,-123.20022136,2
2012,2012-04-28,1830,4,1,18,6,N,A,Y,A,H,A,C,02,N,01,F,,,Y,,A,Y,N,D,1,0,0,1,23152.0,1,39.52183223,-123.39325863,3
2012,2012-05-03,1230,5,1,12,4,N,B,N,B,H,A,A,07,N,03,C,,,,,C,N,N,D,1,0,0,0,22350.0,2,39.16931112,-123.2114035,4
2012,2012-05-15,1555,5,1,15,2,N,A,Y,A,H,A,A,01,N,08,E,,,,,I,Y,N,D,1,0,0,0,22107.0,1,39.62722505,-123.46242355,4
2012,2012-05-04,810,5,1,8,5,N,A,Y,A,H,A,A,01,S,06,B,,,,,C,Y,N,D,2,0,0,0,21750.0,2,38.89396134,-123.68240263,4
2012,2012-04-25,1400,4,1,14,3,N,B,Y,A,H,A,C,02,S,08,F,,,Y,,A,N,N,D,1,0,0,1,22107.0,1,39.85091862,-123.71406453,2
2012,2012-04-30,1300,4,1,13,1,N,A,Y,A,H,A,G,25,W,08,E,,,,Y,I,Y,N,D,1,0,0,0,22107.0,1,38.9135184,-123.26847528,2
2012,2012-05-14,1705,5,1,17,1,N,A,N,A,H,A,C,02,S,16,F,,,Y,,A,N,N,D,1,0,0,1,24002.0,1,39.21738256,-123.20089516,3
2012,2012-05-09,1709,5,1,17,3,N,A,N,A,H,A,A,07,N,03,C,,,,,C,N,N,D,1,0,0,0,22350.0,2,39.12426612,-123.20447651,4
2012,2012-05-05,1017,5,1,10,6,N,A,Y,A,H,A,A,01,E,01,E,,,,,J,Y,N,D,1,0,0,0,23152.0,1,39.41561369,-123.78727337,4
2012,2012-05-17,1254,5,1,12,4,N,A,N,A,H,A,D,22,N,08,E,,,,,I,N,N,D,1,0,0,0,22107.0,1,39.13801951,-123.19033417,3
2012,2012-05-12,650,5,1,6,6,N,A,N,A,H,-,A,01,N,01,E,,,,,I,Y,N,D,1,0,0,0,23152.0,1,39.44476328,-123.78165488,4
2012,2012-05-15,800,5,1,8,2,N,A,N,A,H,A,A,01,W,08,E,,,,,I,N,N,D,1,0,0,0,22107.0,1,39.18969085,-123.25837155,3
2012,2012-05-16,750,5,1,7,3,N,A,Y,A,H,A,A,07,N,03,C,,,,,C,Y,N,D,1,0,0,0,22350.0,3,39.17412821,-123.21279085,4
2012,2012-05-17,1118,5,1,11,4,Y,A,Y,A,H,A,A,01,,03,C,,,,,C,Y,N,D,1,0,0,0,22350.0,2,39.31644203,-123.79867531,4
2012,2012-05-10,1005,5,1,10,4,Y,A,N,A,H,A,L,04,,17,D,,Y,,,G,N,N,A,1,0,1,0,21208.0,2,39.17618499,-123.21071336,3
2012,2012-04-30,1715,4,1,17,1,N,A,N,A,H,A,L,04,E,08,E,,Y,,,I,N,N,D,1,0,1,0,22100.0,1,39.19385249,-123.20353324,4
2012,2012-05-11,1224,5,1,12,5,N,A,Y,A,H,A,D,22,E,21,C,,,,,C,N,N,D,1,0,0,0,22106.0,2,39.17013143,-123.2095297,4
2012,2012-05-07,1600,5,1,16,1,N,A,N,A,H,A,E,22,S,05,B,,Y,,,G,N,N,D,1,0,1,0,21460.0,2,39.25864779,-123.59166038,3
2012,2012-05-15,1520,5,1,15,2,N,A,Y,A,H,A,D,22,E,08,E,,,,,I,Y,N,D,1,0,0,0,22107.0,1,39.62721523,-123.34384867,4
2012,2012-05-12,1530,5,1,15,6,N,A,Y,A,H,A,C,02,E,08,F,,,Y,,A,N,N,D,1,0,0,1,22107.0,1,39.15782006,-123.59475884,3
2012,2012-05-18,935,5,1,9,5,N,A,Y,A,D,A,D,23,W,03,C,,,,,C,Y,N,A,1,0,0,0,22350.0,2,38.95701924,-123.33597485,4
2012,2012-05-27,1850,5,1,18,7,N,A,Y,A,H,A,A,01,W,01,E,,,,,I,Y,N,D,2,0,0,0,23152.0,1,39.05573025,-123.24414407,3
2012,2012-06-04,1330,6,2,13,1,N,B,Y,B,H,A,D,22,S,03,E,,,,,I,Y,N,A,1,0,0,0,22350.0,1,39.1615488,-123.73292561,4
2012,2012-05-22,1320,5,1,13,2,N,A,Y,A,H,A,C,02,E,03,F,,,Y,,I,Y,N,D,1,0,0,1,22350.0,1,39.18044829,-123.69760993,2
2012,2012-05-11,408,5,1,4,5,N,A,N,A,H,D,D,22,W,01,E,,,,,I,Y,N,D,1,0,0,0,23152.0,1,39.43789627,-123.3795416,2
2012,2012-05-23,915,5,1,9,3,Y,A,N,A,H,A,A,08,,09,D,,,,,C,Y,N,D,1,0,0,0,21802.0,2,39.44414489,-123.38309347,4
2012,2012-05-22,1300,5,1,13,2,N,A,N,A,H,A,A,01,W,05,B,,,,,C,Y,N,D,1,0,0,0,21650.0,2,39.23638733,-123.38742468,4
2012,2012-05-24,2100,5,1,21,4,N,A,Y,A,H,D,A,01,N,03,C,,,Y,,C,Y,N,D,1,0,0,1,22350.0,2,38.90917864,-123.05408508,3
2012,2012-05-24,1325,5,1,13,4,N,B,N,A,H,A,C,02,W,08,F,,,Y,,A,N,N,D,1,0,0,1,22107.0,1,38.93851968,-123.72065818,4
2012,2012-05-25,1840,5,1,18,5,N,A,N,A,H,A,A,07,S,08,E,,,,,I,Y,N,D,1,0,0,0,22107.0,1,39.27100922,-123.205643,4
2012,2012-05-12,2349,5,1,23,6,N,A,Y,A,H,C,N,60,S,11,G,Y,,,,B,N,N,A,0,0,0,0,21954.0,3,38.80297712,-123.57761998,1
2012,2012-05-21,2320,5,1,23,1,N,E,N,B,H,D,A,01,E,03,E,,,,,I,Y,N,D,0,0,0,0,22350.0,1,39.39284888,-123.76758875,1
2012,2012-07-03,558,7,2,5,2,N,A,N,A,H,B,G,25,N,08,F,,,,Y,A,Y,N,D,0,0,0,0,22107.0,1,39.18091466,-123.59645792,1
2012,2012-06-15,1023,6,2,10,5,N,A,Y,A,H,A,E,22,S,03,G,Y,,,,B,N,N,D,0,0,0,0,22350.0,2,39.18839504,-123.21100345,1
2012,2012-08-08,2500,8,2,25,3,N,A,Y,A,H,D,A,07,S,08,E,,,,,I,Y,N,D,0,0,0,0,22107.0,1,39.91595048,-123.7650875,1
2012,2012-09-04,2055,9,3,20,2,N,A,Y,A,H,D,A,01,N,07,B,,,,,C,Y,N,D,2,0,0,0,21658.0,2,39.17719517,-123.21249004,1
2012,2012-07-18,1606,7,2,16,3,N,A,Y,A,H,A,A,07,W,01,E,,,,,I,Y,N,A,0,0,0,0,23152.0,1,39.39688957,-123.71334382,1
2012,2012-09-28,1845,9,3,18,5,Y,A,N,A,H,B,C,02,,03,F,,,Y,,A,Y,N,A,0,0,0,0,22350.0,1,38.97219498,-123.14009336,1
2012,2012-10-01,2000,10,3,20,1,N,A,Y,A,H,D,N,60,N,11,G,Y,,,,B,N,N,A,0,0,0,0,21954.0,2,39.36537816,-123.81004442,1
2012,2012-08-23,1148,8,2,11,4,N,A,Y,A,H,A,A,01,N,08,D,,,,,D,Y,N,D,4,0,0,0,22107.0,2,38.8760246,-123.04526226,1
2012,2012-10-25,814,10,3,8,4,N,B,Y,B,H,A,A,07,N,08,E,,,,,I,Y,N,D,1,0,0,0,22107.0,1,39.83280633,-123.64782061,1
2012,2012-11-08,1320,11,3,13,4,N,C,Y,C,H,A,A,01,S,03,D,,,,,C,Y,N,D,2,0,0,0,22350.0,2,39.83851712,-123.68746458,1
2012,2012-10-12,300,10,3,3,5,N,B,Y,B,H,D,D,22,W,01,E,,,,,I,Y,N,D,3,0,0,0,23152.0,1,39.15708257,-123.6357587,1
2013,2013-01-14,1912,1,4,19,1,N,A,Y,B,H,D,D,22,N,03,E,,,,,I,Y,N,D,0,0,0,0,22350.0,1,39.4684338,-123.3551296,1
2013,2013-01-04,2055,1,4,20,5,N,A,Y,A,H,D,A,01,W,01,A,,,,,C,Y,N,D,5,0,0,0,23152.0,2,39.3906244,-123.4121108,1
2012,2012-08-24,757,8,2,7,5,Y,A,N,A,H,A,L,04,,- ,H,,Y,,Y,G,N,N,A,0,0,0,0,,2,39.14463497,-123.19844346,1
2012,2012-06-02,1930,6,2,19,6,N,A,Y,A,H,A,-,- ,E,18,H,,,Y,,H,N,N,D,1,0,0,1,,1,39.23786229,-123.16445204,2
2012,2012-06-05,745,6,2,7,2,N,A,Y,A,H,A,A,01,W,03,E,,,,,I,Y,N,D,1,0,0,0,22350.0,1,39.15759713,-123.58609996,3
2012,2012-05-31,1600,5,1,16,4,N,A,Y,A,H,A,C,02,N,08,F,,,Y,,A,N,N,D,1,0,0,1,22107.0,1,39.55913163,-123.76531989,3
2012,2012-06-01,1450,6,2,14,5,N,A,N,A,H,A,A,01,W,03,E,,,,,I,Y,N,A,1,0,0,0,22350.0,1,39.12951965,-123.15423211,4
2012,2012-06-02,1430,6,2,14,6,N,B,N,A,H,A,A,01,E,05,E,,,,,I,Y,M,D,1,0,0,0,21460.0,2,39.31199548,-123.76738687,3
2012,2012-05-26,1345,5,1,13,6,Y,B,N,A,H,A,A,01,,08,D,,Y,,,G,N,N,D,1,0,1,0,22107.0,2,39.24259471,-123.17449629,4
2012,2012-05-26,1010,5,1,10,6,N,A,N,A,H,A,C,02,S,03,E,,,Y,,I,Y,N,D,1,0,0,1,22350.0,1,39.22861973,-123.20366274,3
2012,2012-06-18,330,6,2,3,1,N,B,Y,A,H,D,G,26,S,03,F,,,,Y,A,Y,N,D,1,0,0,0,22350.0,1,39.90166463,-123.75462058,3
2012,2012-06-16,1500,6,2,15,6,N,A,N,A,E,A,D,22,E,05,A,,,,,C,Y,N,D,1,0,0,0,21650.0,2,39.18848,-123.68925,4
2012,2012-05-03,1544,5,1,15,4,N,B,N,A,H,A,D,23,N,03,C,,,,,C,Y,N,D,1,0,0,0,22350.0,2,39.15798604,-123.21374555,4
2012,2012-06-14,500,6,2,5,4,N,A,N,A,H,B,A,01,S,08,A,,,,,E,Y,N,A,1,0,0,0,22107.0,3,39.12838049,-123.20856756,3
2012,2012-05-30,758,5,1,7,3,Y,A,N,A,H,A,A,01,,06,A,,,,,C,N,N,A,1,0,0,0,21751.0,2,39.44803485,-123.80453356,4
2012,2012-07-01,330,7,2,3,7,N,B,Y,A,H,D,D,23,S,01,E,,,,,I,Y,N,D,3,0,0,0,23152.0,1,39.50975945,-123.38517135,2
2012,2012-06-08,1706,6,2,17,5,Y,A,N,A,H,A,A,01,,09,D,,,,,C,Y,N,D,2,0,0,0,21801.0,2,39.244284,-123.1979625,3
2012,2012-06-06,1247,6,2,12,3,N,A,Y,A,H,A,G,27,W,03,F,,,,Y,A,Y,N,D,1,0,0,0,22350.0,1,39.0708192,-123.21125462,3
2012,2012-06-10,1045,6,2,10,7,N,A,Y,A,H,A,A,08,W,05,A,,,,,C,Y,N,D,2,0,0,0,21460.0,2,39.68638085,-123.35778722,3
2012,2012-06-06,730,6,2,7,3,Y,A,Y,A,H,A,-,- ,,12,D,,,,,C,Y,N,A,1,0,0,0,21453.0,2,39.4322739,-123.80615212,4
2012,2012-05-10,1631,5,1,16,4,N,A,N,A,H,A,A,01,W,03,C,,,,,C,N,N,A,1,0,0,0,22350.0,2,39.15132067,-123.19953644,4
2012,2012-06-09,1512,6,2,15,6,N,A,N,A,H,A,-,- ,S,03,C,,,,,C,N,F,A,1,0,0,0,22350.0,2,39.15731114,-123.20847158,4
2012,2012-06-11,1500,6,2,15,1,N,A,N,A,H,A,A,07,E,08,F,,,,,A,Y,N,D,1,0,0,0,22107.0,1,,,4
2012,2012-06-16,2305,6,2,23,6,N,A,N,A,H,D,A,07,N,01,F,,,,,A,Y,N,D,1,0,0,0,23152.0,1,39.13674707,-123.19000483,3
2012,2012-06-20,900,6,2,9,3,N,A,Y,A,H,A,A,01,N,03,C,,,,,C,N,N,D,1,0,0,0,22350.0,2,39.17412821,-123.21279085,4
2012,2012-06-17,215,6,2,2,7,N,A,Y,A,H,D,A,01,N,08,E,,,,,I,Y,N,D,2,0,0,0,22107.0,1,39.38596947,-123.34436478,3
2012,2012-06-11,1835,6,2,18,1,N,A,Y,A,H,A,A,07,N,03,E,,,,,I,Y,N,A,1,0,0,0,22350.0,1,39.23842946,-123.76898589,4
2012,2012-06-06,1620,6,2,16,3,N,A,Y,A,H,A,C,02,N,08,E,,,Y,,I,Y,N,D,2,0,0,2,22107.0,1,39.65216226,-123.78318564,2
2012,2012-06-06,1950,6,2,19,3,N,A,N,A,H,A,A,01,E,01,E,,,,,I,Y,N,D,1,0,0,0,23152.0,1,39.39092148,-123.75748899,3
2012,2012-06-08,2000,6,2,20,5,N,A,Y,A,H,A,A,01,N,05,A,,,,,C,Y,N,D,1,0,0,0,21460.0,2,39.8778564,-123.72311927,4
2012,2012-07-02,1850,7,2,18,1,N,A,Y,A,H,A,A,07,W,03,E,,,,,I,Y,N,D,1,0,0,0,22350.0,1,39.34011628,-123.31378146,3
2012,2012-07-02,1600,7,2,16,1,N,A,Y,A,H,A,A,01,N,09,C,,,,,C,Y,N,D,2,0,0,0,21804.0,2,39.22972667,-123.76983777,3
2012,2012-06-09,600,6,2,6,6,N,A,Y,A,H,A,A,01,E,01,E,,,,,I,Y,N,A,1,0,0,0,23152.0,1,39.41713846,-123.79448055,2
2012,2012-06-13,2314,6,2,23,3,N,A,Y,A,H,D,A,01,S,08,E,,,,,I,Y,N,D,1,0,0,0,22107.0,1,39.30408475,-123.29907144,4
2012,2012-06-24,2320,6,2,23,7,N,A,Y,A,H,D,A,01,W,08,E,,,,,I,Y,N,D,2,0,0,0,22107.0,1,38.89291325,-123.20047691,3
2012,2012-06-20,1835,6,2,18,3,N,A,N,A,H,A,A,01,N,08,E,,,,,I,Y,N,D,2,0,0,0,22107.0,1,39.19841636,-123.20523351,3
2012,2012-07-01,1645,7,2,16,7,N,A,N,A,H,A,C,02,E,09,D,,,Y,,C,N,N,D,1,0,0,1,21804.0,2,39.2271056,-123.74457836,2
2012,2012-07-11,1503,7,2,15,3,N,A,N,A,H,A,A,01,S,09,D,,,,,C,Y,N,D,1,0,0,0,21801.0,2,39.27030079,-123.24226415,4
2012,2012-07-01,1420,7,2,14,7,N,A,Y,A,H,A,A,07,W,08,A,,,,,E,Y,N,D,2,0,0,0,22107.0,2,39.00045748,-123.35958234,2
2012,2012-06-30,2025,6,2,20,6,N,B,N,A,H,A,L,04,W,01,F,,Y,,,A,N,N,D,1,0,1,0,21200.0,1,,,4