ACCIDENT_YEAR,COLLISION_DATE,COLLISION_TIME,MONTH,SEASON,24HOURS,DAY_OF_WEEK,INTERSECTION,WEATHER_1,STATE_HWY_IND,ROAD_SURFACE,ROAD_COND_1,LIGHTING,STWD_VEHTYPE_AT_FAULT,CHP_VEHTYPE_AT_FAULT,DIRECTION,PCF_VIOL_CATEGORY,TYPE_OF_COLLISION,PEDESTRIAN_ACCIDENT,BICYCLE_ACCIDENT,MOTORCYCLE_ACCIDENT,TRUCK_ACCIDENT,MVIW,TOW_AWAY,HIT_AND_RUN,CONTROL_DEVICE,NUMBER_INJURED,COUNT_PED_INJURED,COUNT_BICYCLIST_INJURED,COUNT_MC_INJURED,PCF_VIOLATION,PARTY_COUNT,POINT_Y,POINT_X,COLLISION_SEVERITY
2015,2015-07-18,2320,7,2,23,6,N,A,Y,A,H,D,C,02,W,01,F,,,Y,,A,N,N,D,1,0,0,1,23152.0,1,39.1585859,-123.58667727,3
2015,2015-08-11,1915,8,2,19,2,N,A,Y,A,H,B,A,01,S,01,D,,,,,C,N,M,D,2,0,0,0,23152.0,2,39.49077036,-123.78500181,4
2015,2015-08-18,1637,8,2,16,2,N,A,N,A,H,A,E,22,N,03,C,,,,,C,Y,M,A,1,0,0,0,22350.0,3,39.16927488,-123.21138308,3
2015,2015-08-25,140,8,2,1,2,N,A,N,A,H,D,D,22,E,01,E,,,,,I,Y,N,D,1,0,0,0,23152.0,1,39.24537692,-123.19170774,3
2015,2015-08-26,1220,8,2,12,3,N,A,Y,A,H,A,A,01,W,08,E,,,,,I,Y,N,D,1,0,0,0,22107.0,1,39.59365711,-123.38149349,2
2015,2015-08-29,135,8,2,1,6,N,B,Y,A,H,D,-,- ,S,18,H,,,,,H,Y,N,D,1,0,0,0,,1,39.82617489,-123.67175186,4
2015,2015-08-29,1510,8,2,15,6,N,A,Y,A,H,A,C,02,S,08,F,,,Y,,A,N,N,D,1,0,0,1,22107.0,1,39.15985247,-123.7321705,3
2015,2015-08-13,110,8,2,1,4,N,A,Y,A,H,D,A,01,W,08,E,,,,,I,Y,N,D,1,0,0,0,22107.0,1,39.34708195,-123.56708776,4
2015,2015-09-06,1405,9,3,14,7,Y,A,Y,A,H,A,A,07,,09,D,,,,,C,Y,N,A,2,0,0,0,21802.0,2,,,4
2015,2015-08-27,1200,8,2,12,4,N,A,Y,A,H,A,A,07,S,07,B,,,,,C,Y,N,D,2,0,0,0,21658.0,2,39.36519488,-123.3156327,2
2015,2015-09-06,1254,9,3,12,7,N,A,N,A,H,A,A,01,W,08,E,,,,,I,Y,N,D,1,0,0,0,22107.0,1,39.23119614,-123.461585,2
2015,2015-08-20,1750,8,2,17,4,N,B,Y,A,H,A,C,02,N,08,F,,,Y,,A,Y,N,A,1,0,0,1,22107.0,1,38.8043045,-123.58802494,2
2015,2015-08-27,1745,8,2,17,4,N,A,Y,A,H,A,C,02,S,08,F,,,Y,,A,Y,N,D,1,0,0,1,22107.0,1,38.94963598,-123.69461381,3
2015,2015-08-08,125,8,2,1,6,N,A,N,A,H,D,A,01,E,08,F,,,,,A,Y,N,D,1,0,0,0,22107.0,1,39.22908,-123.36505,3
2015,2015-08-22,1840,8,2,18,6,N,A,Y,A,H,A,D,22,W,09,D,,,Y,,C,Y,F,D,1,0,0,1,21801.0,2,39.40706611,-123.37594495,4
2015,2015-09-16,1258,9,3,12,3,N,B,Y,B,H,A,D,22,S,03,C,,,,,C,Y,N,D,1,0,0,0,22350.0,3,39.14097196,-123.19619072,4
2015,2015-09-15,1225,9,3,12,2,N,B,Y,B,H,A,A,01,N,03,E,,,,,I,Y,N,D,1,0,0,0,22350.0,1,39.82764653,-123.57382858,3
2015,2015-09-15,1620,9,3,16,2,N,B,Y,B,H,A,C,02,N,03,E,,,Y,,I,N,N,D,1,0,0,1,22350.0,1,39.7957696,-123.81625847,2
2015,2015-08-14,1750,8,2,17,5,N,A,N,A,H,A,A,01,W,08,E,,,,,I,Y,N,D,1,0,0,0,22107.0,1,39.29971,-123.79398,3
2015,2015-09-16,835,9,3,8,3,N,C,Y,B,H,A,A,07,W,03,E,,,,,I,Y,N,D,2,0,0,0,22350.0,1,39.35380192,-123.61239281,4
2015,2015-09-13,1725,9,3,17,7,N,B,Y,A,H,A,D,22,S,01,E,,,,,I,Y,N,D,1,0,0,0,23152.0,1,39.76665557,-123.54367089,3
2015,2015-09-21,145,9,3,1,1,N,A,N,A,H,D,-,- ,E,00,F,,,Y,,A,N,N,D,1,0,0,1,,1,,,2
2019,2019-12-04,1723,12,4,17,3,Y,A,N,A,H,C,A,01,,09,D,,,,,C,Y,N,A,1,0,0,0,21800.0,2,39.432708740234375,-123.8046417236328,4
2015,2015-09-16,1959,9,3,19,3,N,B,Y,B,H,D,A,01,E,01,E,,,,,I,Y,N,D,1,0,0,0,23152.0,1,38.98034268,-123.01021117,4
2015,2015-09-16,2240,9,3,22,3,N,A,N,A,H,C,A,07,N,01,C,,,,,C,Y,M,A,1,0,0,0,23152.0,2,39.16927488,-123.21138308,4
2015,2015-09-21,1025,9,3,10,1,N,A,Y,A,H,A,G,25,E,08,E,,,,Y,I,Y,N,D,1,0,0,0,22107.0,1,39.35086618,-123.5493542,3
2015,2015-08-31,1517,8,2,15,1,N,A,Y,A,H,A,D,22,N,01,B,,,Y,,C,Y,N,D,1,0,0,1,23152.0,2,39.30122384,-123.79249586,2
2015,2015-09-16,1830,9,3,18,3,N,B,Y,B,H,A,A,01,N,03,C,,,,,C,Y,N,D,3,0,0,0,22350.0,2,39.39956261,-123.80915893,4
2015,2015-09-15,155,9,3,1,2,N,A,Y,A,H,D,A,01,N,03,E,,,,Y,C,Y,N,D,2,0,0,0,22350.0,2,38.9018797,-123.05595191,3
2015,2015-09-15,2205,9,3,22,2,N,A,N,A,H,D,D,22,S,01,E,,,,,I,Y,N,D,1,0,0,0,23152.0,1,39.33356571,-123.10172425,3
2015,2015-09-16,1430,9,3,14,3,N,C,Y,B,H,A,A,01,S,03,E,,,,,I,Y,N,A,1,0,0,0,22350.0,2,38.80398146,-123.58014688,3
2015,2015-09-21,2300,9,3,23,1,N,A,N,A,H,D,L,04,S,17,E,,Y,,,I,N,N,D,1,0,1,0,21200.0,1,39.0995345,-123.16116388,3
2015,2015-09-27,600,9,3,6,7,N,A,Y,A,H,B,A,07,E,08,E,,,,,I,Y,N,D,3,0,0,0,22107.0,1,38.97604495,-123.34781172,3
2015,2015-09-27,1755,9,3,17,7,N,A,N,A,H,A,D,22,N,09,D,,,,,C,Y,N,D,1,0,0,0,21801.0,2,39.17062145,-123.21206226,3
2015,2015-09-24,1050,9,3,10,4,N,A,N,A,H,A,A,01,S,21,D,,,,,C,Y,N,D,1,0,0,0,22106.0,2,39.12335856,-123.20744918,4
2015,2015-09-22,1515,9,3,15,2,N,A,Y,A,H,A,A,01,S,03,C,,,,,C,N,N,D,1,0,0,0,22350.0,2,,,4
2015,2015-09-26,1210,9,3,12,6,N,A,Y,A,H,A,A,07,S,08,B,,,,,C,Y,N,D,2,0,0,0,22107.0,2,39.80940447,-123.55153231,3
2015,2015-09-28,1640,9,3,16,1,N,A,N,A,H,A,A,01,N,03,C,,,,,C,Y,N,D,1,0,0,0,22350.0,2,39.39590886,-123.11794569,4
2015,2015-09-30,2235,9,3,22,3,N,A,Y,A,D,D,D,22,S,01,C,,,,,C,Y,N,A,1,0,0,0,23152.0,2,39.08280159,-123.18142899,4
2015,2015-09-30,1453,9,3,14,3,N,A,Y,A,H,A,A,07,S,08,F,,,,,A,Y,N,D,1,0,0,0,22107.0,1,39.0792368,-123.17973962,2
2015,2015-07-12,1619,7,2,16,7,N,A,Y,A,H,A,D,22,S,08,C,,Y,,,G,N,F,D,0,0,0,0,22107.0,2,39.40092657,-123.80911383,1
2015,2015-09-07,1650,9,3,16,1,N,A,Y,A,H,A,C,02,N,09,C,,,Y,,C,N,N,D,1,0,0,1,21804.0,2,38.9251274,-123.05624087,3
2015,2015-09-28,840,9,3,8,1,N,A,Y,A,H,A,A,07,N,08,F,,,,,A,Y,N,D,3,0,0,0,22107.0,1,39.6519794,-123.47639,3
2015,2015-09-26,1050,9,3,10,6,N,A,Y,A,D,A,C,02,S,03,B,,,Y,,C,Y,N,D,2,0,0,1,22350.0,2,39.37555846,-123.32731191,3
2015,2015-09-29,1100,9,3,11,2,N,A,N,A,H,A,D,23,N,08,E,,,,,I,Y,N,D,1,0,0,0,22107.0,1,39.42340203,-123.36115658,2
2015,2015-09-26,1430,9,3,14,6,N,A,N,A,H,A,C,02,E,08,F,,,Y,,A,Y,N,D,1,0,0,1,22107.0,1,38.94380078,-123.55050394,2
2015,2015-10-01,1630,10,3,16,4,N,A,Y,B,H,A,D,22,W,08,E,,,,,I,Y,N,D,2,0,0,0,22107.0,1,39.6774354,-123.34814307,3
2015,2015-10-03,1610,10,3,16,6,N,A,Y,A,H,A,A,01,N,03,C,,,,,C,Y,N,D,4,0,0,0,22350.0,5,,,4
2015,2015-10-06,955,10,3,9,2,N,A,Y,A,H,A,G,25,E,03,F,,,,Y,A,Y,N,D,1,0,0,0,22350.0,1,39.39751979,-123.45362763,4
2015,2015-09-30,1750,9,3,17,3,N,A,Y,A,H,B,D,22,W,01,E,,,,,I,Y,N,D,1,0,0,0,23152.0,1,39.15795429,-123.59444785,3
2015,2015-10-09,1201,10,3,12,5,N,A,Y,A,H,A,A,07,W,08,E,,,,,I,Y,N,D,1,0,0,0,22107.0,1,39.15613091,-123.60805583,4
2015,2015-10-08,1933,10,3,19,4,N,A,Y,A,D,D,A,01,N,03,C,,,,,C,N,N,A,1,0,0,0,22350.0,2,39.07003037,-123.16957474,4
2015,2015-09-12,1105,9,3,11,6,N,A,Y,A,H,A,C,02,W,03,C,,,Y,,C,Y,N,D,2,0,0,2,22350.0,2,39.24575015,-123.12968256,2
2015,2015-10-02,2112,10,3,21,5,N,A,Y,A,D,D,N,60,E,11,G,Y,,,,B,N,N,D,1,1,0,0,21954.0,2,39.41547376,-123.77878889,2
2015,2015-10-13,500,10,3,5,2,N,A,Y,A,H,D,-,- ,E,18,H,,Y,,,H,Y,N,D,1,0,1,0,,1,38.97721,-123.09926,4
2015,2015-10-11,45,10,3,0,7,N,A,N,A,H,D,A,01,E,03,E,,,,,I,Y,N,D,2,0,0,0,22350.0,1,38.95765872,-123.59787978,3
2015,2015-09-25,1950,9,3,19,5,N,A,Y,A,H,D,G,25,E,03,F,,,,Y,A,Y,N,D,1,0,0,0,22350.0,1,38.97238093,-123.02118977,3
2015,2015-10-12,1640,10,3,16,1,N,A,N,A,H,A,G,27,N,03,C,,,,Y,C,Y,N,D,2,0,0,0,22350.0,5,39.20918419,-123.20332618,4
2015,2015-10-12,1545,10,3,15,1,N,A,N,A,H,A,D,22,N,08,E,,,,,I,Y,N,D,1,0,0,0,22107.0,1,39.47078493,-123.21452916,4
2015,2015-10-08,1000,10,3,10,4,N,B,Y,A,B,A,C,02,E,03,F,,,Y,,A,Y,N,D,1,0,0,1,22350.0,1,39.79779,-123.8099041,2
2019,2019-09-24,1620,9,3,16,2,Y,A,Y,A,H,A,A,01,,09,D,,,,,C,Y,N,A,1,0,0,0,21802.0,2,,,4
2015,2015-10-06,1310,10,3,13,2,N,A,Y,A,H,A,A,01,E,03,C,,,,,C,N,N,A,1,0,0,0,22350.0,2,39.22234049,-123.76993589,4
2015,2015-10-10,1653,10,3,16,6,N,A,Y,A,H,A,A,01,W,08,E,,,,,I,Y,N,D,1,0,0,0,22107.0,1,39.34901558,-123.58260056,3
2015,2015-10-04,310,10,3,3,7,N,A,N,A,H,D,A,01,S,08,E,,,,,J,Y,N,D,2,0,0,0,22107.0,1,39.40957432,-123.33606007,3
2015,2015-10-19,705,10,3,7,1,N,A,Y,A,D,A,A,01,S,08,E,,,,,I,Y,N,D,1,0,0,0,22107.0,1,39.07977529,-123.17976683,2
2015,2015-10-17,2020,10,3,20,6,Y,A,Y,A,H,D,N,60,,11,G,Y,,,,B,N,N,D,1,1,0,0,21954.0,2,39.13316487,-123.16616014,4
2015,2015-10-19,1230,10,3,12,1,N,A,N,A,H,A,-,- ,W,18,H,,,,,H,Y,N,D,1,0,0,0,,1,,,3
2015,2015-10-20,1610,10,3,16,2,Y,A,Y,A,H,A,A,01,,01,D,,,,,C,Y,N,A,1,0,0,0,23152.0,2,39.23424992,-123.20927992,4
2015,2015-10-18,1230,10,3,12,7,N,A,Y,A,H,A,D,22,S,03,C,,,,,C,Y,N,D,1,0,0,0,22350.0,3,39.47652702,-123.79792498,4
2015,2015-08-15,1117,8,2,11,6,N,A,Y,A,H,A,A,01,N,08,F,,,,,A,Y,N,D,1,0,0,0,22107.0,1,38.9868638,-123.11788904,1
2015,2015-10-14,1029,10,3,10,3,N,A,Y,A,H,A,M,47,N,06,B,,Y,,,G,N,N,D,1,0,1,0,21750.0,2,39.01051971,-123.68811765,3
2015,2015-10-08,2330,10,3,23,4,N,A,N,A,H,D,A,01,E,01,E,,,,,I,Y,N,D,1,0,0,0,23152.0,1,38.91774,-123.64239,4
2015,2015-10-17,855,10,3,8,6,N,C,Y,B,H,A,A,01,W,08,E,,,,,I,Y,N,D,1,0,0,0,22107.0,1,39.05051575,-123.25786605,4
2015,2015-10-17,955,10,3,9,6,N,B,Y,B,H,A,D,22,W,08,E,,,,,I,Y,N,D,3,0,0,0,22107.0,1,38.97367792,-123.07928616,3
2015,2015-10-17,1215,10,3,12,6,N,B,Y,B,H,A,A,07,W,08,E,,,,,I,Y,N,D,1,0,0,0,22107.0,1,39.06586584,-123.2341792,3
2015,2015-10-23,1300,10,3,13,5,N,A,Y,A,H,A,A,01,E,08,E,,,,,I,Y,N,D,2,0,0,0,22107.0,1,39.01886366,-123.31877431,3
2015,2015-10-22,1600,10,3,16,4,N,A,Y,A,H,A,C,02,S,03,F,,,Y,,A,N,N,D,1,0,0,1,22350.0,1,39.6947204,-123.48440279,4
2015,2015-10-22,1157,10,3,11,4,N,A,Y,A,H,A,A,07,W,08,E,,,,,I,Y,N,D,1,0,0,0,22107.0,1,39.15787499,-123.59502729,3
2015,2015-10-22,415,10,3,4,4,N,A,Y,A,H,D,A,08,W,01,E,,,,,I,Y,N,D,1,0,0,0,23152.0,1,39.0674444,-123.45209746,3
2015,2015-10-25,2215,10,3,22,7,N,A,N,A,H,D,A,01,E,08,E,,,,,J,Y,N,D,1,0,0,0,22107.0,1,39.15274885,-123.18940338,4
2015,2015-10-20,1550,10,3,15,2,N,A,N,A,H,A,A,07,N,08,E,,,,,I,Y,N,D,1,0,0,0,22107.0,1,39.26037144,-123.22653072,4
2015,2015-10-24,940,10,3,9,6,N,A,Y,A,H,A,A,01,W,08,F,,,,,A,Y,N,D,1,0,0,0,22107.0,1,39.6579379,-123.34387416,3
2015,2015-10-21,1322,10,3,13,3,N,A,N,A,H,A,A,07,S,09,A,,,,,C,Y,N,A,5,0,0,0,21801.0,4,39.23098814,-123.20351631,3
2015,2015-10-27,1655,10,3,16,2,N,C,Y,B,H,A,A,01,W,08,E,,,,,I,Y,N,D,1,0,0,0,22107.0,1,,,3
2015,2015-10-18,1440,10,3,14,7,N,A,Y,A,H,A,A,01,S,09,D,,,,,C,Y,N,A,4,0,0,0,21804.0,2,,,3
2015,2015-10-23,833,10,3,8,5,N,A,Y,A,H,A,D,22,N,08,E,,,,,I,Y,N,D,1,0,0,0,22107.0,1,39.48148101,-123.79450719,3
2019,2019-11-27,1723,11,3,17,3,N,B,N,B,H,C,D,22,S,03,E,Y,,,,B,Y,N,D,1,1,0,0,22350.0,2,39.13785171508789,-123.20561981201172,2
2019,2019-11-14,1445,11,3,14,4,Y,A,N,A,H,A,D,22,,03,C,,,,,C,Y,N,D,1,0,0,0,22350.0,2,39.159271240234375,-123.21232604980467,4
2019,2019-11-20,1607,11,3,16,3,Y,A,N,A,H,A,D,22,,03,C,,,,,C,N,N,A,2,0,0,0,22350.0,2,39.15074157714844,-123.2032470703125,4
2019,2019-09-27,1430,9,3,14,5,N,A,N,A,H,A,L,04,N,05,H,,Y,,,G,N,N,D,1,0,1,0,21202.0,2,39.1600341796875,-123.2073211669922,3
2015,2015-10-23,2355,10,3,23,5,N,A,N,A,H,D,A,01,E,01,E,,,,,I,Y,N,D,1,0,0,0,23152.0,1,39.23448195,-123.76013643,3
2015,2015-10-19,1415,10,3,14,1,N,A,N,A,H,A,A,01,S,03,C,,,Y,,C,N,N,D,1,0,0,1,22350.0,2,39.1661031,-123.21088011,4
2015,2015-10-27,1631,10,3,16,2,N,C,Y,B,H,A,D,22,N,03,E,,,,,J,Y,N,D,1,0,0,0,22350.0,1,,,4
2015,2015-11-01,845,11,3,8,7,N,C,Y,B,H,A,D,22,E,03,E,,,,,I,Y,N,D,2,0,0,0,22350.0,1,39.03108432,-123.277931,4
2015,2015-10-02,1615,10,3,16,5,N,A,Y,A,H,A,A,01,W,03,C,,,,,C,Y,N,D,2,0,0,0,22350.0,2,38.93151408,-123.30467794,4
2015,2015-11-03,1120,11,3,11,2,N,A,Y,A,H,A,A,01,E,03,E,,,,,I,N,N,D,1,0,0,0,22350.0,1,38.98218719,-123.00435407,3
2015,2015-10-29,1255,10,3,12,4,N,A,N,A,H,A,A,01,N,03,C,,,,,C,Y,N,D,2,0,0,0,22350.0,3,39.17953884,-123.20990818,4
2015,2015-10-30,421,10,3,4,5,N,A,Y,A,H,D,A,07,S,08,E,,,,,I,Y,N,D,1,0,0,0,22107.0,1,39.50402945,-123.76999455,4
2015,2015-11-03,1906,11,3,19,2,N,A,Y,A,H,D,A,01,S,07,D,,,,,C,Y,N,D,1,0,0,0,21658.0,2,38.94918413,-123.08566631,4
2015,2015-11-04,1011,11,3,10,3,N,A,N,A,H,A,A,01,S,09,D,,,,,C,Y,N,D,1,0,0,0,21804.0,2,38.88245057,-123.61075938,4
2015,2015-10-31,1314,10,3,13,6,N,A,Y,A,H,A,C,02,N,03,E,,,Y,,I,Y,N,D,0,0,0,0,22350.0,1,39.61260833,-123.78211238,1
2015,2015-11-08,1530,11,3,15,7,N,B,Y,B,H,A,A,01,W,03,E,,,,,I,Y,N,D,1,0,0,0,22350.0,1,,,4
2015,2015-08-31,50,8,2,0,1,N,A,N,A,H,D,A,01,S,01,E,,,,,I,Y,M,D,1,0,0,0,23152.0,1,39.19878655,-123.2047902,3
2015,2015-10-29,1310,10,3,13,4,Y,A,Y,A,H,A,D,23,,09,D,,,,,C,Y,N,A,1,0,0,0,21804.0,2,39.04450059,-123.15047243,4
2015,2015-10-22,847,10,3,8,4,N,A,Y,A,H,A,D,22,E,09,D,,,,,C,Y,N,D,1,0,0,0,21801.0,2,38.9732388,-123.03776286,3
2015,2015-10-30,1530,10,3,15,5,N,A,Y,A,H,A,D,22,N,08,E,,,,,I,Y,N,D,1,0,0,0,22107.0,1,39.57011397,-123.43584022,4
2015,2015-10-23,1415,10,3,14,5,N,A,Y,A,H,A,A,07,E,08,E,,,,,I,Y,N,D,1,0,0,0,22107.0,1,39.18887125,-123.72153509,4
2015,2015-11-01,1005,11,3,10,7,N,B,N,B,H,A,A,01,N,08,E,,,,,I,Y,N,D,1,0,0,0,22107.0,1,39.22668468,-123.2033587,2
2015,2015-11-09,930,11,3,9,1,N,B,Y,B,H,A,D,22,N,03,B,,,,,C,Y,N,D,1,0,0,0,22350.0,2,39.23449995,-123.20840569,3
2015,2015-11-15,1055,11,3,10,7,N,B,Y,B,H,A,A,01,E,03,E,,,,,I,Y,N,D,1,0,0,0,22350.0,1,39.39697904,-123.45374033,3
2015,2015-11-03,1055,11,3,10,2,N,A,N,A,H,A,A,01,E,03,E,,,,,I,Y,N,D,1,0,0,0,22350.0,1,39.15274885,-123.18940338,2
2015,2015-11-07,920,11,3,9,6,N,A,Y,A,D,A,A,01,S,05,B,,,,Y,C,Y,N,D,1,0,0,0,21651.0,3,39.76521788,-123.54370197,2
2015,2015-10-28,825,10,3,8,3,N,C,Y,B,H,A,F,26,N,08,E,,,,Y,I,Y,N,D,0,0,0,0,22107.0,1,39.35473812,-123.32014265,1
2015,2015-11-17,1400,11,3,14,2,N,A,N,A,H,A,A,07,S,08,E,,,,,I,Y,N,D,1,0,0,0,22107.0,1,39.07810332,-123.15989722,4
2015,2015-11-14,1658,11,3,16,6,N,B,Y,B,H,D,A,01,W,01,E,,,,,I,Y,N,D,1,0,0,0,23152.0,1,39.15644705,-123.58760935,4
2015,2015-11-23,1135,11,3,11,1,N,A,N,A,H,A,D,22,S,03,C,,,,,C,N,N,D,1,0,0,0,22350.0,2,39.16611648,-123.21088409,4
2015,2015-11-22,2100,11,3,21,7,Y,A,Y,A,H,D,A,08,,09,D,,,,,C,Y,N,A,2,0,0,0,21802.0,2,39.04449,-123.15052997,3
2015,2015-11-20,1005,11,3,10,5,N,A,Y,A,H,A,D,22,N,03,C,,,,,C,Y,N,D,2,0,0,0,22350.0,2,39.68631361,-123.48138542,4
2019,2019-11-10,709,11,3,7,7,Y,A,Y,A,H,A,D,22,,12,-,,,,,-,Y,F,-,1,0,0,0,21453.0,2,39.404121398925774,-123.35165405273438,4
2015,2015-11-12,1930,11,3,19,4,N,E,N,A,H,D,A,07,E,08,E,,,,,I,Y,N,D,1,0,0,0,22107.0,1,39.27002751,-123.64433145,3
2015,2015-11-21,1330,11,3,13,6,N,A,Y,A,H,A,A,01,N,08,E,,,,,I,Y,N,D,1,0,0,0,22107.0,1,39.38603086,-123.34434712,3
2015,2015-11-24,2000,11,3,20,2,N,C,Y,B,D,D,D,23,N,08,E,,,,,I,Y,N,D,1,0,0,0,22107.0,2,39.8112701,-123.55624063,4
2015,2015-11-24,717,11,3,7,2,N,C,Y,B,H,A,D,22,N,03,E,,,,,I,Y,N,D,1,0,0,0,22350.0,1,39.32811873,-123.30216997,4
2015,2015-11-24,2138,11,3,21,2,N,B,N,B,H,D,A,01,S,01,F,,,,,I,Y,N,D,1,0,0,0,23152.0,1,39.12990097,-123.16514932,3
2015,2015-11-21,50,11,3,0,6,N,E,Y,A,H,D,A,01,N,01,F,,,,,A,Y,N,D,2,0,0,0,23152.0,1,39.46542198,-123.35162491,2
2015,2015-11-21,2348,11,3,23,6,N,A,N,B,H,D,D,22,S,01,E,,,,,I,Y,N,D,1,0,0,0,23152.0,1,39.44985911,-123.38642023,3
2015,2015-11-16,2500,11,3,25,1,N,A,N,A,H,A,-,- ,N,00,F,,Y,,,A,Y,N,D,1,0,1,0,,1,39.37157094,-123.23454133,2
2015,2015-11-24,5,11,3,0,2,N,A,Y,A,H,D,A,07,S,01,E,,,,,I,Y,N,D,1,0,0,0,23152.0,1,38.84668217,-123.6426055,3
2015,2015-11-20,1813,11,3,18,5,N,A,Y,A,H,D,C,02,E,08,E,,,Y,,I,Y,N,D,2,0,0,2,22107.0,1,39.40561277,-123.37217831,3
2015,2015-11-20,1915,11,3,19,5,N,A,N,A,H,D,A,01,N,08,F,,,,,A,Y,N,A,2,0,0,0,22107.0,1,39.13669437,-123.19000483,4
2015,2015-11-25,1440,11,3,14,3,N,A,Y,A,H,A,A,01,E,08,F,,,,,A,Y,N,D,3,0,0,0,22107.0,1,38.95755428,-123.33646266,3
2015,2015-11-20,2204,11,3,22,5,N,B,Y,B,H,D,A,01,E,03,B,,,,,C,Y,N,D,2,0,0,0,22350.0,2,,,4
2015,2015-11-24,140,11,3,1,2,N,A,N,A,H,D,A,01,N,08,E,,,,,I,Y,N,D,2,0,0,0,22107.0,1,39.2930317,-123.21987,2
2015,2015-11-27,1257,11,3,12,5,N,A,Y,A,H,A,A,01,E,05,A,,,,,C,Y,N,D,2,0,0,0,21460.0,2,39.19343678,-123.73721839,3
2015,2015-10-25,500,10,3,5,7,N,C,N,B,H,D,A,08,E,03,E,,,,,I,Y,N,D,4,0,0,0,22350.0,1,39.66565704,-123.5163188,1
2015,2015-11-27,900,11,3,9,5,N,A,Y,A,H,A,A,01,N,08,E,,,,,I,Y,N,D,1,0,0,0,22107.0,1,39.70441861,-123.80391026,2
2015,2015-12-02,1229,12,4,12,3,N,B,Y,B,H,A,A,07,S,01,E,,,,,I,Y,N,D,1,0,0,0,23152.0,1,39.33446076,-123.30408742,3
2015,2015-12-04,1649,12,4,16,5,N,A,Y,B,H,B,A,01,N,08,E,,,,,I,Y,N,D,1,0,0,0,22107.0,1,38.79668651,-123.56917014,2
2015,2015-11-30,725,11,3,7,1,N,B,Y,B,D,A,A,01,S,03,F,,,,,A,Y,N,D,1,0,0,0,22350.0,1,39.76383629,-123.54313527,3
2015,2015-12-07,900,12,4,9,1,N,B,N,B,H,A,A,07,E,08,E,,,,,I,N,N,D,1,0,0,0,22107.0,1,39.41358854,-123.32240397,4
2015,2015-11-01,1340,11,3,13,7,N,B,Y,B,H,A,A,01,N,01,E,,,,,I,Y,N,D,0,0,0,0,23152.0,2,39.48290487,-123.36137294,1
2015,2015-12-08,900,12,4,9,2,N,B,Y,B,H,A,A,01,E,03,A,,,,Y,C,Y,N,D,1,0,0,0,22350.0,2,39.39118955,-123.7068417,3
2015,2015-12-06,930,12,4,9,7,N,B,Y,B,H,A,D,23,W,03,F,,,,,A,Y,N,D,2,0,0,0,22350.0,1,,,4
2015,2015-12-03,1850,12,4,18,4,N,C,Y,B,H,D,A,01,N,03,E,,,,,I,Y,N,D,1,0,0,0,22350.0,1,39.46622879,-123.35317279,3
2015,2015-12-04,1035,12,4,10,5,N,A,Y,B,H,A,A,01,S,08,E,,,,,I,Y,N,D,1,0,0,0,22107.0,1,39.64850019,-123.47637896,4
2015,2015-12-03,1818,12,4,18,4,N,C,Y,B,H,D,K,45,N,07,C,,,,,C,Y,N,D,1,0,0,0,21658.0,2,39.35303701,-123.32112592,4
2015,2015-12-10,910,12,4,9,4,Y,C,N,B,H,A,D,22,,12,D,,,,,C,Y,N,A,1,0,0,0,21453.0,2,39.16774993,-123.21130995,3
2015,2015-12-12,1830,12,4,18,6,N,B,N,B,H,D,A,07,S,08,G,Y,,,,B,N,N,D,1,1,0,0,22107.0,2,39.12029177,-123.20255031,4
2015,2015-12-13,1500,12,4,15,7,N,C,N,B,H,A,C,02,E,08,B,,,Y,,C,N,N,D,1,0,0,1,22107.0,2,39.12615,-123.20448,3
2015,2015-12-12,925,12,4,9,6,Y,B,Y,B,H,A,A,01,,09,D,,,,,C,Y,N,A,1,0,0,0,21802.0,2,39.30627447,-123.79318723,4
2015,2015-12-21,1520,12,4,15,1,N,C,Y,B,H,A,A,01,N,03,E,,,,,I,Y,N,D,1,0,0,0,22350.0,1,,,4
2015,2015-12-07,1252,12,4,12,1,Y,B,N,A,H,A,A,01,,09,A,,,,,C,Y,N,D,2,0,0,0,21802.0,2,39.19505202,-123.19974929,4
2015,2015-12-14,1615,12,4,16,1,N,B,Y,A,H,A,D,22,S,08,E,,,,,I,Y,N,D,1,0,0,0,22107.0,1,39.37559802,-123.32879059,4
2015,2015-12-18,1726,12,4,17,5,N,C,Y,B,H,D,A,01,E,03,C,,,,,C,Y,N,D,1,0,0,0,22350.0,2,39.23183985,-123.1008152,4
2015,2015-12-14,1720,12,4,17,1,N,B,Y,B,H,B,D,22,S,09,D,,,,,C,Y,N,D,1,0,0,0,21804.0,2,39.40254336,-123.80901511,3
2015,2015-12-16,2200,12,4,22,3,N,B,Y,B,H,D,D,22,W,08,E,,,,,I,Y,N,A,1,0,0,0,22107.0,1,39.34727072,-123.52775896,4