ACCIDENT_YEAR,COLLISION_DATE,COLLISION_TIME,MONTH,SEASON,24HOURS,DAY_OF_WEEK,INTERSECTION,WEATHER_1,STATE_HWY_IND,ROAD_SURFACE,ROAD_COND_1,LIGHTING,STWD_VEHTYPE_AT_FAULT,CHP_VEHTYPE_AT_FAULT,DIRECTION,PCF_VIOL_CATEGORY,TYPE_OF_COLLISION,PEDESTRIAN_ACCIDENT,BICYCLE_ACCIDENT,MOTORCYCLE_ACCIDENT,TRUCK_ACCIDENT,MVIW,TOW_AWAY,HIT_AND_RUN,CONTROL_DEVICE,NUMBER_INJURED,COUNT_PED_INJURED,COUNT_BICYCLIST_INJURED,COUNT_MC_INJURED,PCF_VIOLATION,PARTY_COUNT,POINT_Y,POINT_X,COLLISION_SEVERITY
2018,2018-12-16,1735,12,4,17,7,N,B,Y,B,H,D,A,01,E,01,E,,,,,I,Y,N,D,3,0,0,0,23153.0,1,39.35092926025391,-123.54940032958984,3
2018,2018-12-22,2110,12,4,21,6,N,B,N,D,G,D,D,22,W,01,H,,,,,A,Y,N,D,1,0,0,0,23152.0,1,,,3
2018,2018-12-24,1253,12,4,12,1,N,B,Y,B,H,A,A,08,S,05,A,,,,,C,Y,N,D,1,0,0,0,21460.0,2,39.85713958740234,-123.76239776611328,3
2018,2018-12-17,2340,12,4,23,1,N,B,Y,A,H,D,D,22,N,03,E,,,,,I,Y,N,D,1,0,0,0,22350.0,1,39.78044509887695,-123.54348754882812,3
2018,2018-12-25,550,12,4,5,2,N,E,Y,B,H,D,D,22,E,08,E,,,,,I,N,N,D,1,0,0,0,22107.0,1,39.77043151855469,-123.24811553955078,3
2018,2018-12-16,1105,12,4,11,7,N,C,Y,B,H,A,A,01,S,03,E,,,,,I,Y,N,D,1,0,0,0,22350.0,1,39.35464859008789,-123.32009887695312,3
2018,2018-12-26,630,12,4,6,3,N,A,N,B,H,C,D,22,S,03,D,,,,,C,Y,N,D,1,0,0,0,22350.0,2,39.26301193237305,-123.22132110595705,3
2018,2018-12-16,2330,12,4,23,7,N,A,Y,B,H,D,A,07,E,08,E,,,,,I,Y,N,D,1,0,0,0,22107.0,1,38.9793701171875,-123.01043701171876,3
2018,2018-12-14,1536,12,4,15,5,N,B,Y,B,H,A,D,22,S,03,E,,,,,I,Y,N,D,1,0,0,0,22350.0,1,39.33247756958008,-123.30422973632812,4
2018,2018-12-18,1610,12,4,16,2,N,B,Y,B,H,A,A,07,S,08,E,,,,,I,Y,N,D,1,0,0,0,22107.0,1,38.961181640625,-123.68618774414062,2
2018,2018-12-21,44,12,4,0,5,N,A,Y,B,H,D,A,01,E,01,A,,,,,C,Y,N,D,2,0,0,0,23152.0,2,,,3
2018,2018-10-11,1730,10,3,17,4,N,A,N,A,H,A,C,02,E,01,A,,,Y,,C,Y,N,D,0,0,0,0,23152.0,2,39.811328887939446,-123.50187683105467,1
2019,2019-01-05,1345,1,4,13,6,N,C,Y,B,H,A,A,01,N,08,E,,,,,I,Y,N,D,1,0,0,0,22107.0,1,39.80963134765625,-123.79376983642578,2
2018,2018-09-29,1330,9,3,13,6,N,B,Y,B,H,A,D,22,N,01,A,,,,Y,C,Y,N,D,0,0,0,0,23152.0,2,39.46949005126953,-123.35710144042967,1
2018,2018-12-29,929,12,4,9,6,N,A,Y,A,H,A,A,07,N,01,E,,,,,I,Y,N,D,1,0,0,0,23152.0,1,39.32658004760742,-123.30172729492188,3
2018,2018-12-27,1349,12,4,13,4,N,A,Y,A,H,A,A,07,W,03,E,,,,,I,Y,N,D,1,0,0,0,22350.0,1,39.38777542114258,-123.43498992919922,4
2018,2018-12-31,1705,12,4,17,1,N,A,Y,A,H,B,A,01,E,01,E,,,,,I,Y,N,D,1,0,0,0,23152.0,1,39.387821197509766,-123.43492126464844,3
2019,2019-01-01,100,1,4,1,2,N,A,N,A,H,D,A,01,W,08,E,,,,,I,Y,N,D,1,0,0,0,22107.0,1,,,4
2018,2018-12-20,1701,12,4,17,4,N,C,N,B,H,B,A,01,N,01,C,,,,,C,Y,N,D,1,0,0,0,23152.0,2,39.25312042236328,-123.19943237304688,3
2019,2019-01-04,1100,1,4,11,5,Y,A,N,A,H,A,A,01,,09,D,,,,,C,Y,N,A,4,0,0,0,21802.0,2,39.25555038452149,-123.21398162841795,3
2018,2018-12-24,1720,12,4,17,1,N,B,Y,B,H,D,A,01,E,01,E,,,,,I,Y,N,D,1,0,0,0,23152.0,1,39.13309860229492,-123.17934417724608,3
2019,2019-01-01,658,1,4,6,2,N,A,N,A,H,B,D,22,W,08,E,,,,,I,Y,N,D,1,0,0,0,22107.0,1,39.413131713867195,-123.31344604492188,4
2019,2019-01-03,1720,1,4,17,4,N,B,Y,A,B,B,A,01,E,01,A,,,,,C,Y,N,D,2,0,0,0,23152.0,2,39.4273796081543,-123.35652923583984,3
2018,2018-10-07,1920,10,3,19,7,N,A,Y,A,H,D,A,01,W,01,G,Y,,,,B,N,F,D,0,0,0,0,23152.0,2,39.80587005615234,-123.24811553955078,1
2019,2019-01-08,2130,1,4,21,2,N,C,Y,B,H,D,A,01,E,03,F,,,,,A,Y,N,D,2,0,0,0,22350.0,1,39.71043014526367,-123.29969024658205,4
2019,2019-01-01,1154,1,4,11,2,N,A,Y,A,H,A,C,02,S,03,F,,,Y,,I,Y,N,D,1,0,0,1,22350.0,1,38.877265930175774,-123.66504669189452,2
2018,2018-11-05,1410,11,3,14,1,N,A,Y,A,H,A,A,07,S,01,E,,,,,I,Y,N,D,0,0,0,0,23152.0,1,39.640132904052734,-123.47115325927734,1
2019,2019-01-05,2030,1,4,20,6,N,A,Y,B,H,D,A,01,E,03,F,,,,,I,Y,N,D,1,0,0,0,22350.0,1,,,4
2019,2019-01-13,1556,1,4,15,7,N,A,Y,A,H,A,A,07,N,08,B,,,,,I,Y,N,D,2,0,0,0,22107.0,1,38.87480163574219,-123.04507446289062,4
2019,2019-01-15,1020,1,4,10,2,Y,B,Y,B,H,A,A,01,,09,D,,,,,C,Y,N,A,1,0,0,0,21802.0,2,,,4
2018,2018-12-31,1425,12,4,14,1,N,A,Y,A,H,A,A,01,S,05,B,,,,,C,Y,N,D,3,0,0,0,21460.0,3,38.95646667480469,-123.1079330444336,2
2019,2019-01-01,32,1,4,0,2,N,A,Y,A,H,D,A,01,E,01,F,,,,,I,Y,N,D,1,0,0,0,23152.0,1,39.4168357849121,-123.79373168945312,2
2019,2019-01-07,2110,1,4,21,1,N,B,Y,A,H,C,D,22,N,01,A,,,,,D,Y,N,D,2,0,0,0,23153.0,2,39.248241424560554,-123.20967864990234,2
2019,2019-01-20,1900,1,4,19,7,N,B,Y,B,H,D,A,01,N,03,E,,,,,I,Y,N,D,1,0,0,0,22350.0,1,39.159915924072266,-123.73213958740234,4
2019,2019-01-20,1112,1,4,11,7,N,B,Y,B,H,A,A,01,N,08,E,,,,,I,Y,N,D,1,0,0,0,22107.0,1,39.17960357666016,-123.21224212646484,3
2019,2019-01-23,1600,1,4,16,3,N,A,Y,A,H,A,A,01,E,03,E,,,,,I,Y,N,D,1,0,0,0,22350.0,1,39.18913650512695,-123.72228240966795,3
2018,2018-11-23,2036,11,3,20,5,N,C,Y,B,H,D,A,01,E,01,F,,,,,A,Y,N,D,1,0,0,0,23152.0,1,39.36943054199219,-123.49742126464844,1
2018,2018-11-09,1842,11,3,18,5,N,E,N,A,H,D,A,01,N,08,E,,,,,I,Y,N,D,0,0,0,0,22107.0,1,39.01407241821289,-123.11881256103516,1
2019,2019-01-25,646,1,4,6,5,N,E,N,B,H,B,A,01,N,03,A,,,,,C,Y,N,D,1,0,0,0,22350.0,2,38.959468841552734,-123.10140228271484,3
2019,2019-01-31,1841,1,4,18,4,N,A,Y,A,H,C,A,07,S,09,D,,,,,C,Y,N,D,1,0,0,0,21804.0,2,39.4161262512207,-123.80818176269533,2
2019,2019-01-24,1130,1,4,11,4,N,A,Y,A,H,A,C,02,N,08,F,,,Y,,A,Y,N,D,1,0,0,1,22107.0,1,39.52121353149414,-123.39291381835938,3
2019,2019-01-29,2036,1,4,20,2,N,A,Y,A,H,D,A,01,N,01,E,,,,,I,Y,N,D,1,0,0,0,23152.0,1,38.853790283203125,-123.03358459472656,3
2019,2019-01-31,735,1,4,7,4,N,A,Y,A,H,A,A,07,S,03,E,,,,,I,Y,N,D,1,0,0,0,22350.0,1,39.87808990478516,-123.7245864868164,3
2019,2019-02-03,1245,2,4,12,7,N,B,Y,B,H,A,A,01,N,03,E,,,,,I,Y,N,D,1,0,0,0,22350.0,1,39.247608184814446,-123.7778091430664,4
2019,2019-02-04,1610,2,4,16,1,N,A,Y,A,H,A,A,01,S,01,F,,,,,I,Y,N,D,1,0,0,0,23152.0,1,39.475879669189446,-123.79781341552734,3
2019,2019-02-05,940,2,4,9,2,N,A,Y,B,H,A,A,07,N,03,F,,,,,A,Y,N,D,1,0,0,0,22350.0,1,39.600601196289055,-123.45407104492188,3
2019,2019-02-05,900,2,4,9,2,N,A,Y,B,H,A,A,01,S,03,C,,,,,C,Y,N,D,1,0,0,0,22350.0,2,39.38275909423828,-123.81414794921876,4
2019,2019-02-10,1530,2,4,15,7,N,A,N,A,H,A,A,07,W,08,E,,,,,I,Y,N,D,1,0,0,0,22107.0,1,38.914794921875,-123.65737152099608,3
2019,2019-02-05,710,2,4,7,2,N,A,Y,C,H,A,D,22,S,03,E,,,,,I,Y,N,D,1,0,0,0,22350.0,1,39.56329727172852,-123.43352508544922,4
2019,2019-02-05,740,2,4,7,2,N,A,Y,C,H,A,D,22,N,03,E,,,,,I,N,N,D,1,0,0,0,22350.0,1,39.35970306396485,-123.80850219726562,3
2019,2019-02-08,649,2,4,6,5,N,B,Y,B,H,A,A,07,E,05,B,,,,Y,C,Y,N,D,1,0,0,0,21460.0,2,39.35422897338867,-123.51046752929688,3
2019,2019-02-12,2005,2,4,20,2,N,B,N,B,B,D,A,01,W,08,E,,,,,I,Y,N,D,1,0,0,0,22107.0,1,39.44529724121094,-123.71815490722656,4
2019,2019-02-16,230,2,4,2,6,N,B,N,C,H,D,A,01,N,03,F,,,,,I,Y,N,D,1,0,0,0,22350.0,1,39.3699607849121,-123.10663604736328,3
2019,2019-02-11,1442,2,4,14,1,N,B,Y,B,H,A,A,01,N,08,E,,,,,I,Y,N,D,1,0,0,0,22107.0,1,39.61240005493164,-123.45882415771484,3
2019,2019-02-17,1115,2,4,11,7,N,A,Y,A,H,A,D,22,S,08,G,Y,,,,B,N,N,D,1,1,0,0,22107.0,2,39.30188751220703,-123.79220581054688,3
2018,2018-11-28,2345,11,3,23,3,N,B,Y,B,H,C,A,01,E,08,E,,,,,I,Y,N,D,0,0,0,0,22107.0,1,38.971221923828125,-123.11363983154295,1
2019,2019-02-25,1145,2,4,11,1,N,C,Y,B,H,A,D,22,S,21,B,,,,,C,N,N,D,1,0,0,0,22106.0,2,39.49090194702149,-123.78480529785156,3
2019,2019-02-16,815,2,4,8,6,N,B,Y,C,H,A,D,22,N,08,F,,,,,A,Y,N,D,1,0,0,0,22107.0,1,39.81037902832031,-123.2480926513672,2
2019,2019-02-26,900,2,4,9,2,N,C,Y,B,H,A,D,22,N,03,E,,,,,I,Y,N,D,1,0,0,0,22350.0,1,38.974647521972656,-123.11565399169922,3
2019,2019-02-15,1315,2,4,13,5,N,B,N,C,H,A,A,01,W,03,E,,,,,I,N,N,D,1,0,0,0,22350.0,1,38.85490417480469,-123.58867645263672,4
2019,2019-02-24,330,2,4,3,7,N,C,Y,B,H,D,D,22,S,03,E,,,,,I,Y,N,D,1,0,0,0,22350.0,1,38.87813186645508,-123.66614532470705,3
2019,2019-02-23,2500,2,4,25,6,N,B,Y,A,H,D,A,01,W,03,E,,,,,I,Y,N,D,1,0,0,0,22350.0,1,,,3
2019,2019-02-22,1820,2,4,18,5,N,A,Y,A,H,D,A,01,S,08,E,,,,,I,Y,N,D,1,0,0,0,22107.0,1,39.54312896728516,-123.42239379882812,2
2019,2019-01-18,1640,1,4,16,5,N,B,Y,B,H,A,D,22,N,05,A,,,,,C,Y,N,D,1,0,0,0,21460.0,2,39.468353271484375,-123.35501861572266,1
2019,2019-02-25,1537,2,4,15,1,N,B,Y,B,H,A,A,01,N,03,E,,,,,I,Y,N,D,1,0,0,0,22350.0,1,39.290645599365234,-123.26820373535156,4
2019,2019-02-25,1923,2,4,19,1,N,B,Y,B,H,D,-,- ,W,18,E,,,,,I,Y,N,D,1,0,0,0,,1,39.01634216308594,-123.37350463867188,3
2019,2019-02-28,1725,2,4,17,4,N,B,N,B,H,D,A,07,E,03,F,,,,,A,Y,N,D,1,0,0,0,22350.0,1,39.32265853881836,-123.06848907470705,2
2019,2019-03-05,47,3,1,0,2,N,A,Y,A,H,C,A,01,N,08,E,,,,,I,Y,N,D,1,0,0,0,22107.0,1,38.91374588012695,-123.05399322509766,2
2019,2019-03-02,220,3,1,2,6,N,B,N,B,H,D,A,07,W,08,E,,,,,I,Y,M,D,1,0,0,0,22107.0,1,39.677001953125,-123.49520111083984,4
2019,2019-03-05,1144,3,1,11,2,N,B,Y,B,H,A,A,01,N,08,E,,,,,I,Y,N,D,1,0,0,0,22107.0,1,39.875526428222656,-123.7112045288086,3
2019,2019-03-03,1931,3,1,19,7,N,B,N,B,H,D,A,07,S,03,G,Y,,,,B,N,N,D,1,1,0,0,22350.0,2,39.128177642822266,-123.20441436767578,2
2019,2019-03-08,2035,3,1,20,5,N,A,N,A,H,D,A,07,E,01,E,,,,,I,Y,N,D,1,0,0,0,23152.0,1,39.15313720703125,-123.18861389160156,2
2019,2019-03-05,1033,3,1,10,2,Y,C,Y,B,H,A,D,22,,03,C,,,,,C,N,N,A,1,0,0,0,22350.0,2,39.17105484008789,-123.21143341064452,4
2019,2019-03-10,1505,3,1,15,7,N,F,Y,C,H,A,A,01,S,03,E,,,,,I,Y,N,D,1,0,0,0,22350.0,1,,,4
2019,2019-03-15,1550,3,1,15,5,N,A,N,A,H,A,C,02,W,05,B,,,Y,,C,Y,N,D,1,0,0,1,21460.0,2,39.66685485839844,-123.51388549804688,3
2019,2019-03-10,1435,3,1,14,7,N,B,Y,B,H,A,A,08,N,03,B,,,,,C,Y,N,D,1,0,0,0,22350.0,2,39.627338409423835,-123.46243286132812,4
2019,2019-03-10,2054,3,1,20,7,N,B,Y,A,H,D,A,01,N,08,E,,,,,I,Y,N,D,1,0,0,0,22107.0,1,39.52181243896485,-123.39327239990234,3
2019,2019-03-10,2055,3,1,20,7,N,B,Y,A,H,D,A,01,N,03,B,,,,,C,Y,N,D,2,0,0,0,22350.0,2,39.52181243896485,-123.39327239990234,3
2019,2019-03-08,2215,3,1,22,5,N,B,Y,B,H,D,A,01,E,05,B,,,,Y,C,Y,N,D,1,0,0,0,21460.0,2,39.35768508911133,-123.62744903564452,4
2019,2019-03-12,2130,3,1,21,2,N,A,Y,A,H,D,A,01,S,01,F,,,,,I,Y,N,D,1,0,0,0,23152.0,1,39.20299911499024,-123.76907348632812,3
2019,2019-03-22,1415,3,1,14,5,N,C,Y,B,H,A,A,01,S,09,C,,,,,C,N,N,D,1,0,0,0,21804.0,2,38.926616668701165,-123.05619049072266,4
2019,2019-03-17,1700,3,1,17,7,N,A,N,A,H,A,C,02,E,01,E,,,Y,,I,Y,N,D,1,0,0,1,23152.0,1,39.43341064453125,-123.38005065917967,2
2019,2019-03-14,951,3,1,9,4,N,A,N,A,H,A,D,22,W,08,E,,,,,I,Y,N,D,1,0,0,0,22107.0,1,39.43209838867188,-123.37609100341795,3
2018,2018-12-30,2200,12,4,22,7,N,B,Y,A,H,D,A,07,W,08,E,,,,,I,Y,N,D,0,0,0,0,22107.0,1,39.40159225463867,-123.39025115966795,1
2019,2019-02-25,1606,2,4,16,1,N,C,Y,B,H,A,A,01,S,03,D,,,,,C,Y,N,A,1,0,0,0,22350.0,2,38.940059661865234,-123.07427978515624,1
2019,2019-03-20,2340,3,1,23,3,N,A,Y,A,H,D,A,01,N,08,E,,,,,I,Y,N,D,1,0,0,0,22107.0,1,39.46524810791016,-123.35146331787108,3
2019,2019-03-21,2238,3,1,22,4,N,A,N,A,H,D,A,01,W,01,E,,,,,I,N,N,D,1,0,0,0,23152.0,1,38.78796005249024,-123.52811431884766,3
2019,2019-02-22,1900,2,4,19,5,N,B,N,A,H,C,D,22,S,03,G,Y,,,,B,N,N,D,1,1,0,0,22350.0,2,39.12602996826172,-123.20839691162108,2
2019,2019-03-29,845,3,1,8,5,N,A,Y,B,H,A,A,01,N,03,E,,,,,I,Y,N,D,1,0,0,0,22350.0,1,39.484825134277344,-123.36061096191406,4
2019,2019-03-24,1625,3,1,16,7,N,A,N,A,H,A,A,01,S,01,E,,,,,I,N,N,D,1,0,0,0,23152.0,1,39.32745742797852,-123.22470855712892,2
2019,2019-03-26,1310,3,1,13,2,N,A,Y,A,H,A,A,07,N,08,B,,,,,C,Y,N,D,2,0,0,0,22107.0,2,39.57979202270508,-123.77204895019533,3
2019,2019-03-27,1405,3,1,14,3,N,A,Y,A,H,A,A,01,N,09,A,,,,,C,Y,N,D,1,0,0,0,21801.0,2,38.86929702758789,-123.6535415649414,2
2019,2019-03-27,1955,3,1,19,3,N,B,N,B,H,D,A,08,N,08,F,,,,,I,Y,N,D,1,0,0,0,22107.0,1,39.39522933959961,-123.3217544555664,3
2019,2019-03-30,1425,3,1,14,6,N,A,N,A,H,A,A,01,N,09,D,,,,,C,Y,N,D,1,0,0,0,21801.0,2,39.165157318115234,-123.21060180664062,4
2019,2019-03-30,110,3,1,1,6,N,A,Y,A,H,C,A,01,E,03,B,,,,,I,Y,N,D,1,0,0,0,22350.0,1,,,3
2019,2019-03-30,1705,3,1,17,6,N,A,N,A,A,A,C,02,E,03,E,,,Y,,J,N,N,D,1,0,0,1,22350.0,1,38.803569793701165,-123.58513641357422,3
2019,2019-04-01,1410,4,1,14,1,N,B,Y,A,H,A,A,08,N,08,E,,,,,I,Y,N,D,1,0,0,0,22107.0,1,39.12729644775391,-123.71327972412108,3
2019,2019-04-02,1445,4,1,14,2,N,B,Y,A,H,A,C,02,W,03,E,,,Y,,I,Y,N,D,1,0,0,1,22350.0,1,39.0778923034668,-123.21492004394533,4
2019,2019-04-02,2020,4,1,20,2,N,B,Y,A,H,D,D,22,S,01,E,,,,,I,Y,N,D,1,0,0,0,23152.0,1,,,3
2019,2019-04-03,1830,4,1,18,3,N,B,Y,A,H,A,-,- ,S,18,H,,,,,A,Y,N,D,1,0,0,0,,1,39.410438537597656,-123.35437774658205,3
2019,2019-04-05,630,4,1,6,5,N,B,Y,B,H,B,A,01,N,03,E,,,,,I,Y,N,D,1,0,0,0,22350.0,1,39.87891387939453,-123.7162857055664,4
2019,2019-04-03,1103,4,1,11,3,N,A,Y,A,H,A,A,07,N,01,A,,,,,C,Y,N,D,4,0,0,0,23153.0,2,38.95387649536133,-123.1017608642578,2
2019,2019-04-05,1915,4,1,19,5,N,B,Y,A,D,A,D,22,N,01,E,,,,,I,Y,N,D,1,0,0,0,23152.0,1,38.89736557006836,-123.05719757080078,3
2019,2019-04-05,125,4,1,1,5,N,A,Y,A,H,D,A,01,W,08,E,,,,,I,Y,N,D,1,0,0,0,22107.0,1,,,3
2019,2019-04-08,1335,4,1,13,1,N,C,Y,B,H,A,A,01,E,08,E,,,,,I,Y,N,D,1,0,0,0,22107.0,1,,,4
2019,2019-04-09,1115,4,1,11,2,N,A,N,A,H,A,A,01,N,08,E,,,,,I,Y,N,D,1,0,0,0,22107.0,1,39.25600814819336,-123.11549377441406,3
2019,2019-04-08,1900,4,1,19,1,N,C,N,B,H,B,D,22,N,08,E,,,,,I,N,F,D,2,0,0,0,22107.0,1,39.4512939453125,-123.3857192993164,3
2019,2019-04-08,2155,4,1,21,1,Y,B,Y,B,H,C,A,07,,05,D,,,,,C,Y,N,D,1,0,0,0,21460.0,2,38.781604766845696,-123.54774475097656,3
2019,2019-04-11,934,4,1,9,4,N,B,Y,A,H,A,A,01,N,01,F,,,,,A,Y,N,D,3,0,0,0,23152.0,1,39.21171188354492,-123.20477294921876,2
2019,2019-04-13,1030,4,1,10,6,N,A,Y,A,H,A,D,22,N,08,E,,,,,I,Y,N,D,1,0,0,0,22107.0,1,39.714786529541016,-123.49790191650392,3
2019,2019-04-18,1234,4,1,12,4,N,A,Y,A,H,A,A,07,E,08,E,,,,,I,Y,N,D,1,0,0,0,22107.0,1,39.35048675537109,-123.60604095458984,3
2019,2019-04-23,830,4,1,8,2,N,A,N,A,H,A,D,22,S,03,C,,,,,C,Y,N,D,2,0,0,0,22350.0,2,39.11555480957031,-123.199462890625,3
2019,2019-04-07,1245,4,1,12,7,N,B,Y,B,H,A,C,02,N,03,F,,,Y,,A,Y,N,D,0,0,0,0,22350.0,1,39.56729507446289,-123.7656021118164,1
2019,2019-01-31,1650,1,4,16,4,N,A,Y,A,H,A,C,02,W,01,A,,,Y,,C,Y,N,D,1,0,0,0,23152.0,3,39.23781967163086,-123.17373657226562,1
2019,2019-04-25,510,4,1,5,4,N,A,Y,A,H,D,D,22,N,08,F,,,,,A,Y,N,D,1,0,0,0,22107.0,1,39.810997009277344,-123.55594635009766,3
2019,2019-04-21,1619,4,1,16,7,N,A,N,A,H,A,A,07,N,03,F,,,,,A,Y,N,D,2,0,0,0,22350.0,1,39.11958694458008,-123.5097427368164,3
2019,2019-04-14,215,4,1,2,7,N,A,N,A,H,C,D,22,N,01,E,,,,,I,Y,N,D,1,0,0,0,23152.0,1,39.452884674072266,-123.3977508544922,3
2019,2019-03-11,1151,3,1,11,1,N,A,Y,A,H,A,A,01,N,01,E,,,,Y,I,Y,N,D,2,0,0,0,23152.0,2,39.5221061706543,-123.39346313476562,1
2019,2019-04-16,2030,4,1,20,2,N,A,N,A,H,B,A,01,N,08,G,Y,,,,B,N,F,D,1,1,0,0,22107.0,2,39.80530548095703,-123.26231384277344,2
2019,2019-05-01,651,5,1,6,3,Y,A,N,A,H,A,D,22,,12,D,,,,,C,Y,N,A,1,0,0,0,21453.0,2,39.16775131225586,-123.21131134033205,3
2019,2019-05-02,825,5,1,8,4,N,A,Y,A,H,A,D,22,N,03,C,,,,Y,C,Y,N,D,1,0,0,0,22350.0,2,39.69593048095703,-123.48487091064452,3
2019,2019-04-27,2319,4,1,23,6,N,A,N,A,H,C,A,01,E,03,E,,,,,I,Y,N,A,3,0,0,0,22350.0,1,39.67843627929688,-123.49508666992188,3
2019,2019-04-26,1720,4,1,17,5,N,A,N,A,H,A,C,02,W,08,F,,,Y,,A,Y,N,D,1,0,0,1,22107.0,1,39.45225524902344,-123.37509155273438,3
2019,2019-05-06,2206,5,1,22,1,N,A,Y,A,H,D,A,01,E,08,E,,,,,I,Y,N,D,1,0,0,0,22107.0,1,39.00481033325195,-123.32242584228516,4
2019,2019-05-04,1602,5,1,16,6,N,A,Y,A,H,A,A,07,E,03,C,,,,,C,Y,N,D,2,0,0,0,22350.0,2,39.41560745239258,-123.7872314453125,3
2019,2019-05-05,1339,5,1,13,7,N,A,Y,A,H,A,A,07,E,08,F,,,,,A,Y,N,D,1,0,0,0,22107.0,1,38.97708511352539,-123.06949615478516,3
2019,2019-05-04,1338,5,1,13,6,N,A,Y,A,H,A,C,02,W,01,E,,,Y,,I,Y,N,D,1,0,0,1,23152.0,1,38.88309860229492,-123.13491058349608,2
2019,2019-05-08,1530,5,1,15,3,N,A,N,A,H,D,A,07,N,08,E,,,,,I,N,N,D,1,0,0,0,22107.0,1,39.995960235595696,-123.61540985107422,3
2019,2019-05-04,130,5,1,1,6,N,A,N,A,H,D,A,07,E,03,F,,,,,I,Y,N,D,1,0,0,0,22350.0,1,39.31274032592773,-123.73207855224608,4
2019,2019-05-11,2000,5,1,20,6,N,A,Y,A,H,A,D,22,,03,C,,,,,C,Y,N,B,3,0,0,0,22350.0,2,39.207740783691406,-123.20348358154295,4
2019,2019-05-15,700,5,1,7,3,N,B,Y,B,H,A,A,01,N,03,E,,,,,I,Y,N,D,1,0,0,0,22350.0,1,38.8942985534668,-123.05522918701172,3
2019,2019-05-15,2013,5,1,20,3,N,C,Y,B,D,D,A,01,W,03,E,,,,,I,Y,N,D,1,0,0,0,22350.0,1,39.24435806274414,-123.13253784179688,4
2019,2019-05-15,1000,5,1,10,3,N,B,Y,B,H,A,D,22,S,03,F,,,,,I,Y,N,D,2,0,0,0,22350.0,1,39.26095962524414,-123.22331237792967,4
2019,2019-05-16,1205,5,1,12,4,N,B,Y,B,H,A,A,01,S,08,E,,,,,I,Y,N,D,1,0,0,0,22107.0,1,39.957984924316406,-123.78116607666016,3
2019,2019-05-09,1600,5,1,16,4,N,A,N,A,H,A,M,57,W,03,F,,,,,J,Y,N,D,1,0,0,0,22350.0,1,38.91098785400391,-123.68788909912108,3
2019,2019-05-11,1425,5,1,14,6,N,A,N,A,H,A,A,07,W,01,E,,,,,I,Y,N,D,1,0,0,0,23152.0,1,39.658477783203125,-123.70231628417967,3
2019,2019-05-18,1442,5,1,14,6,N,B,Y,B,H,A,D,22,S,08,E,,,,,I,N,N,D,4,0,0,0,22107.0,1,,,3
2019,2019-05-16,1455,5,1,14,4,N,B,Y,B,H,A,A,07,S,08,B,,,,,I,Y,N,D,1,0,0,0,22107.0,3,38.80328750610352,-123.57827758789062,4
2019,2019-04-21,258,4,1,2,7,N,A,Y,A,H,D,A,07,S,01,E,,,,,I,Y,N,D,0,0,0,0,23152.0,1,39.7826042175293,-123.54287719726562,1
2019,2019-05-22,700,5,1,7,3,N,A,N,A,H,A,D,22,N,08,F,,,Y,,A,N,N,D,1,0,0,1,22107.0,2,39.26844787597656,-123.23458862304688,3
2019,2019-05-17,2155,5,1,21,5,N,B,N,A,H,D,A,07,W,01,E,,,,,I,Y,N,D,1,0,0,0,23152.0,1,39.65764999389648,-123.63662719726562,2
2019,2019-05-10,1535,5,1,15,5,N,A,N,A,H,A,C,02,E,08,F,,,Y,,A,Y,N,D,1,0,0,1,22107.0,1,39.413131713867195,-123.31486511230467,2
2019,2019-05-19,1652,5,1,16,7,N,B,Y,A,H,A,A,07,W,01,E,,,,,I,Y,N,D,1,0,0,0,23152.0,1,39.06731033325195,-123.45174407958984,2