ACCIDENT_YEAR,COLLISION_DATE,COLLISION_TIME,MONTH,SEASON,24HOURS,DAY_OF_WEEK,INTERSECTION,WEATHER_1,STATE_HWY_IND,ROAD_SURFACE,ROAD_COND_1,LIGHTING,STWD_VEHTYPE_AT_FAULT,CHP_VEHTYPE_AT_FAULT,DIRECTION,PCF_VIOL_CATEGORY,TYPE_OF_COLLISION,PEDESTRIAN_ACCIDENT,BICYCLE_ACCIDENT,MOTORCYCLE_ACCIDENT,TRUCK_ACCIDENT,MVIW,TOW_AWAY,HIT_AND_RUN,CONTROL_DEVICE,NUMBER_INJURED,COUNT_PED_INJURED,COUNT_BICYCLIST_INJURED,COUNT_MC_INJURED,PCF_VIOLATION,PARTY_COUNT,POINT_Y,POINT_X,COLLISION_SEVERITY
2020,2020-09-12,0,9,3,0,6,N,A,Y,A,H,D,A,01,W,08,E,,,,,I,Y,N,D,1,0,0,0,22107.0,1,39.20090866088867,-123.04984283447266,3
2020,2020-09-17,1310,9,3,13,4,N,A,Y,A,H,A,F,27,W,08,F,,,,Y,A,Y,N,D,1,0,0,0,22107.0,1,39.1552734375,-123.54697418212892,2
2020,2020-08-26,2045,8,2,20,3,N,A,Y,A,H,B,A,01,S,01,E,,,,,I,Y,N,D,1,0,0,0,23152.0,1,39.5297966003418,-123.40392303466795,2
2020,2020-09-17,1800,9,3,18,4,N,A,Y,A,H,A,A,07,S,01,A,,,,,C,Y,N,D,4,0,0,0,23152.0,2,39.5991096496582,-123.78440856933594,2
2020,2020-08-08,145,8,2,1,6,N,A,N,A,H,D,A,07,E,01,E,,,,,I,Y,N,D,7,0,0,0,23152.0,1,39.75188064575195,-123.19271850585938,1
2020,2020-09-15,1600,9,3,16,2,N,B,N,A,H,A,A,01,E,01,F,,,,,I,Y,N,D,1,0,0,0,23152.0,1,,,4
2020,2020-09-15,156,9,3,1,2,N,A,Y,A,H,D,D,22,N,08,E,,,,,I,Y,N,D,1,0,0,0,22107.0,1,39.52317428588867,-123.39753723144533,2
2020,2020-09-19,1041,9,3,10,6,N,A,Y,D,G,A,-,- ,S,18,F,,,Y,,I,N,N,D,1,0,0,1,,1,39.15996551513672,-123.7321319580078,4
2020,2020-09-26,2130,9,3,21,6,N,A,N,A,H,D,A,01,N,01,E,,,,,I,Y,N,D,1,0,0,0,23152.0,1,39.24756240844727,-123.12201690673828,3
2020,2020-09-27,755,9,3,7,7,N,A,N,A,H,A,F,24,E,03,F,,,,Y,A,Y,N,D,1,0,0,0,22350.0,1,,,2
2020,2020-09-25,902,9,3,9,5,N,A,Y,A,H,A,A,01,N,08,D,,,,,C,Y,N,D,3,0,0,0,22107.0,2,39.63523864746094,-123.46866607666016,2
2020,2020-10-02,1830,10,3,18,5,N,A,N,A,H,A,D,22,E,01,F,,,,,A,Y,N,D,1,0,0,0,23152.0,1,39.12385559082031,-123.48622131347656,2
2020,2020-10-06,1952,10,3,19,2,N,A,Y,A,H,D,D,22,N,01,F,,,,,A,Y,N,D,1,0,0,0,23152.0,1,39.476558685302734,-123.79792785644533,3
2020,2020-10-07,1110,10,3,11,3,N,A,Y,A,H,A,-,- ,S,18,E,,,Y,,I,Y,N,D,1,0,0,1,,1,39.22970581054688,-123.20779418945312,2
2020,2020-10-08,1015,10,3,10,4,N,A,Y,A,H,A,A,01,,01,E,,,,,I,Y,M,D,1,0,0,0,23152.0,1,39.133106231689446,-123.17990112304688,3
2020,2020-10-10,1930,10,3,19,6,N,C,Y,B,H,B,D,22,N,08,F,,,,,A,Y,N,D,1,0,0,0,22107.0,1,39.827449798583984,-123.58502960205078,2
2020,2020-08-22,820,8,2,8,6,N,A,Y,A,H,A,D,22,N,01,E,,,,,I,Y,N,D,1,0,0,0,23152.0,1,39.152740478515625,-123.19707489013672,1
2020,2020-09-30,1940,9,3,19,3,N,A,N,A,H,C,-,99,S,09,C,,,Y,,C,Y,F,D,1,0,0,1,21801.0,2,39.18376541137695,-123.20945739746094,2
2020,2020-10-10,1635,10,3,16,6,N,B,Y,B,H,A,A,07,E,03,E,,,,,I,Y,N,D,1,0,0,0,22350.0,1,39.349857330322266,-123.54910278320312,3
2020,2020-10-12,1120,10,3,11,1,N,A,Y,B,H,A,C,02,S,03,E,,,Y,,I,Y,N,D,1,0,0,1,22350.0,1,39.735401153564446,-123.8126983642578,3
2020,2020-10-11,1530,10,3,15,7,N,A,Y,A,H,A,D,22,E,05,D,,,,,C,Y,N,D,3,0,0,0,21460.0,2,39.17842864990234,-123.7039794921875,4
2020,2020-10-14,1701,10,3,17,3,N,A,Y,A,H,A,A,01,S,08,E,,,,,I,Y,N,D,1,0,0,0,22107.0,1,39.16682815551758,-123.20408630371094,3
2020,2020-10-10,1115,10,3,11,6,N,B,Y,B,H,A,A,01,S,03,A,,,,,C,Y,N,D,3,0,0,0,22350.0,2,39.5429916381836,-123.42205047607422,2
2020,2020-10-14,1500,10,3,15,3,Y,A,N,A,H,A,A,07,,12,D,,,,,C,Y,N,A,2,0,0,0,22450.0,2,39.177780151367195,-123.2102508544922,4
2020,2020-10-15,1727,10,3,17,4,N,A,Y,A,H,A,A,07,S,08,E,,,,,I,Y,N,D,1,0,0,0,22107.0,1,38.776412963867195,-123.53944396972656,3
2020,2020-10-17,1020,10,3,10,6,N,A,N,A,H,A,A,01,E,08,B,,,,,C,Y,M,D,1,0,0,0,22107.0,2,,,4
2020,2020-10-18,930,10,3,9,7,N,A,Y,A,H,A,A,01,W,08,E,,,,,I,Y,N,D,3,0,0,0,22107.0,1,39.1602668762207,-123.5700912475586,2
2020,2020-10-13,143,10,3,1,2,N,A,Y,A,H,C,A,07,N,22,E,,,,,I,Y,N,D,1,0,0,0,23123.0,1,39.20328521728516,-123.20732879638672,3
2020,2020-10-14,1930,10,3,19,3,N,A,N,A,H,D,A,01,N,03,F,,,,,A,Y,N,D,1,0,0,0,22350.0,1,39.2266845703125,-123.20336151123048,4
2020,2020-10-19,945,10,3,9,1,N,A,Y,A,H,A,A,07,N,08,F,,,,,I,Y,N,D,1,0,0,0,22107.0,1,39.15874481201172,-123.1982650756836,3
2020,2020-10-15,840,10,3,8,4,N,A,Y,A,H,A,A,01,,08,E,,,,,I,Y,N,D,1,0,0,0,22107.0,1,39.083641052246094,-123.1821517944336,2
2020,2020-10-21,2240,10,3,22,3,N,A,N,A,H,D,D,22,S,01,E,,,,,I,Y,N,D,1,0,0,0,23152.0,1,38.9681053161621,-123.11775970458984,4
2020,2020-10-21,2120,10,3,21,3,N,A,Y,A,H,D,A,07,W,08,E,,,,,I,Y,N,D,1,0,0,0,22107.0,1,39.35762405395508,-123.62683868408205,3
2020,2020-10-25,1549,10,3,15,7,N,A,N,A,H,A,A,01,S,04,C,,,,,C,N,N,A,1,0,0,0,21703.0,2,39.19181823730469,-123.20694732666016,4
2020,2020-10-01,1035,10,3,10,4,N,A,N,A,B,A,C,02,W,08,F,,,Y,,A,N,N,D,1,0,0,1,22107.0,1,,,2
2020,2020-10-19,1357,10,3,13,1,N,A,N,A,H,A,A,01,N,00,E,,,,,I,Y,F,D,1,0,0,0,20001.0,1,38.870941162109375,-123.59391784667967,2
2020,2020-10-29,1750,10,3,17,4,N,A,Y,A,H,A,D,22,N,01,B,,,,,C,Y,F,D,1,0,0,0,23152.0,2,39.06622314453125,-123.16692352294922,2
2020,2020-10-22,2130,10,3,21,4,N,A,Y,A,H,C,-,- ,S,18,H,,,,,H,Y,N,D,1,0,0,0,,1,39.55236053466797,-123.4267349243164,4
2020,2020-11-01,610,11,3,6,7,N,A,Y,A,H,B,A,01,S,01,E,,,,,I,Y,M,D,1,0,0,0,23152.0,1,39.60745620727539,-123.78292083740234,3
2020,2020-11-01,1405,11,3,14,7,N,A,Y,A,H,A,A,07,N,03,C,,,,,C,N,N,A,1,0,0,0,22350.0,2,39.13602066040039,-123.1958465576172,4
2020,2020-11-03,1420,11,3,14,2,N,A,Y,A,H,A,A,07,N,03,E,,,,,I,Y,N,D,1,0,0,0,22350.0,1,39.33367156982422,-123.30401611328124,4
2020,2020-11-03,1245,11,3,12,2,Y,A,Y,A,H,A,D,22,,06,D,,,,,C,Y,N,A,1,0,0,0,21751.0,2,39.09053802490234,-123.47861480712892,3
2020,2020-11-04,1047,11,3,10,3,N,A,N,A,H,A,D,22,S,03,E,,,,,I,Y,N,D,1,0,0,0,22350.0,1,,,3
2020,2020-11-07,800,11,3,8,6,N,B,Y,B,H,A,A,07,N,03,E,,,,,I,Y,N,D,1,0,0,0,22350.0,1,39.87740707397461,-123.72181701660156,3
2020,2020-10-30,917,10,3,9,5,N,A,Y,A,H,A,A,07,W,01,F,,,,,I,Y,N,D,1,0,0,0,23152.0,1,39.20091247558594,-123.0498504638672,2
2020,2020-11-06,1525,11,3,15,5,N,B,N,B,H,A,A,01,W,03,E,,,,,I,Y,N,D,1,0,0,0,22350.0,1,39.009475708007805,-123.3927764892578,4
2020,2020-11-06,1830,11,3,18,5,N,A,Y,B,H,D,A,01,S,03,E,,,,,I,Y,N,D,1,0,0,0,22350.0,1,39.23847198486328,-123.76844787597656,4
2020,2020-11-06,1430,11,3,14,5,N,A,Y,B,H,A,A,07,E,03,E,,,,,I,Y,N,D,1,0,0,0,22350.0,1,39.40517425537109,-123.73387145996094,4
2020,2020-11-04,1200,11,3,12,3,Y,A,N,A,H,A,C,02,,03,F,,,Y,,A,N,M,D,1,0,0,1,22350.0,2,39.454620361328125,-123.3875732421875,2
2020,2020-11-04,1557,11,3,15,3,N,A,Y,A,H,A,C,02,E,03,F,,,Y,,I,Y,N,D,1,0,0,1,22350.0,1,39.10837173461913,-123.5024642944336,2
2020,2020-11-13,1540,11,3,15,5,Y,C,N,B,H,A,F,26,,13,H,,,,Y,J,N,N,D,1,0,0,0,22515.0,1,,,2
2020,2020-11-16,437,11,3,4,1,N,B,Y,B,H,D,A,01,W,01,E,,,,,I,Y,N,D,1,0,0,0,23152.0,1,38.97101211547852,-123.03446197509766,3
2020,2020-11-17,1529,11,3,15,2,N,B,Y,B,H,A,D,22,W,08,E,,,,,I,Y,N,D,2,0,0,0,22107.0,1,39.08404541015625,-123.47422027587892,4
2020,2020-11-18,640,11,3,6,3,N,C,Y,B,H,B,A,01,S,03,E,,,,,I,Y,N,D,1,0,0,0,22350.0,1,39.32853698730469,-123.30228424072266,4
2020,2020-11-17,905,11,3,9,2,N,B,Y,B,H,A,-,- ,N,18,E,,,,,J,Y,N,D,1,0,0,0,,1,39.82607650756836,-123.67134857177734,4
2020,2020-11-16,2045,11,3,20,1,N,B,Y,B,H,C,A,01,S,01,E,,,,,I,Y,F,D,2,0,0,0,23152.0,1,39.1505012512207,-123.19690704345705,3
2020,2020-11-23,2256,11,3,22,1,N,A,Y,A,H,D,A,01,S,01,E,,,,,I,Y,N,D,2,0,0,0,23152.0,1,,,2
2020,2020-11-20,115,11,3,1,5,N,A,Y,A,H,D,A,01,S,08,E,,,,,I,Y,N,D,1,0,0,0,22107.0,1,39.30403900146485,-123.79203033447266,4
2020,2020-11-21,1355,11,3,13,6,N,A,N,A,H,A,D,22,W,03,C,,,,,C,N,N,D,1,0,0,0,22350.0,2,38.91164016723633,-123.69236755371094,4
2020,2020-11-19,710,11,3,7,4,N,B,Y,B,H,A,D,22,N,08,E,,,,,I,Y,N,D,3,0,0,0,22107.0,1,39.62447738647461,-123.46408081054688,3
2020,2020-08-31,512,8,2,5,1,N,A,Y,A,H,D,A,07,W,08,E,,,,,I,Y,N,D,0,0,0,0,22107.0,1,39.23799896240234,-123.17091369628906,1
2020,2020-07-21,1258,7,2,12,2,N,A,Y,A,H,A,-,- ,E,18,E,,,,,I,Y,N,D,0,0,0,0,,1,39.419281005859375,-123.80290985107422,1
2020,2020-11-20,1738,11,3,17,5,N,A,Y,A,H,D,A,01,N,03,C,,,,Y,C,Y,N,D,1,0,0,0,22350.0,2,39.3532829284668,-123.32106018066406,3
2020,2020-11-22,325,11,3,3,7,N,F,Y,A,H,D,D,22,N,08,E,,,,,I,Y,N,D,1,0,0,0,22107.0,1,39.90638732910156,-123.74990081787108,3
2020,2020-11-23,1530,11,3,15,1,N,A,N,A,H,A,F,26,W,03,G,Y,,,Y,B,N,N,D,1,1,0,0,22350.0,2,38.788440704345696,-123.52381896972656,3
2020,2020-11-25,1730,11,3,17,3,N,A,Y,A,H,B,A,01,N,03,D,,,,,C,Y,N,D,1,0,0,0,22350.0,2,39.230712890625,-123.20809173583984,4
2020,2020-11-30,1004,11,3,10,1,N,A,Y,A,H,A,A,01,N,03,C,,,,,C,Y,N,D,1,0,0,0,22350.0,2,39.35503768920898,-123.3198471069336,3
2020,2020-11-28,1400,11,3,14,6,N,A,Y,B,H,A,A,01,W,03,E,,,,,I,Y,N,D,1,0,0,0,22350.0,1,39.34675598144531,-123.52090454101562,4
2020,2020-11-26,1855,11,3,18,4,N,A,Y,A,H,D,D,22,W,03,E,,,,,I,Y,N,D,2,0,0,0,22350.0,1,39.35753631591797,-123.62775421142578,3
2020,2020-12-04,1542,12,4,15,5,Y,A,Y,A,H,A,A,01,,03,C,,,,,C,Y,N,D,1,0,0,0,22350.0,2,39.32098007202149,-123.80078887939452,3
2020,2020-12-02,2030,12,4,20,3,N,A,Y,A,H,D,A,01,W,01,E,,,,,I,Y,N,D,1,0,0,0,23152.0,1,38.98131942749024,-123.3498992919922,3
2020,2020-11-29,820,11,3,8,7,N,B,Y,C,H,A,D,22,N,03,E,,,,,I,Y,N,D,1,0,0,0,22350.0,1,39.82794570922852,-123.58902740478516,4
2020,2020-12-06,1330,12,4,13,7,N,A,N,A,H,A,C,02,S,08,F,,,Y,,I,Y,N,A,1,0,0,1,22107.0,1,39.17761993408203,-123.21028900146484,4
2020,2020-10-05,2026,10,3,20,1,N,A,N,A,H,D,A,07,N,01,F,,,,,A,Y,N,D,1,0,0,0,23152.0,1,,,1
2020,2020-12-07,1515,12,4,15,1,N,A,Y,A,H,A,G,25,S,08,E,,,,Y,I,Y,N,D,1,0,0,0,22107.0,1,,,4
2020,2020-12-04,841,12,4,8,5,N,A,Y,A,H,A,A,07,N,08,E,,,,,J,Y,N,D,1,0,0,0,22107.0,1,,,2
2020,2020-12-02,836,12,4,8,3,N,A,Y,C,H,A,A,01,N,03,F,,,,,A,Y,N,D,1,0,0,0,22350.0,1,39.82815933227539,-123.58694458007812,3
2020,2020-11-24,1935,11,3,19,2,N,A,N,A,H,D,A,01,W,08,E,,,,,I,Y,N,D,1,0,0,0,22107.0,1,39.6253318786621,-123.5744400024414,4
2020,2020-12-05,30,12,4,0,6,N,A,N,A,H,D,D,22,N,08,E,,,,,I,N,N,D,1,0,0,0,22107.0,1,,,2
2020,2020-12-06,1420,12,4,14,7,N,A,N,A,H,A,A,07,N,08,D,,,,,C,Y,N,D,1,0,0,0,22107.0,2,39.41344833374024,-123.35455322265624,4
2020,2020-12-07,1050,12,4,10,1,N,A,N,A,H,A,A,07,N,03,C,,,,,C,N,N,D,1,0,0,0,22350.0,2,39.18136978149414,-123.20956420898438,4
2020,2020-12-09,1945,12,4,19,3,N,A,N,A,H,D,A,01,N,01,F,,,,,A,Y,M,D,1,0,0,0,23152.0,1,39.40467071533203,-123.30580902099608,4
2020,2020-12-16,1230,12,4,12,3,N,B,Y,B,H,A,A,01,E,08,E,,,,,I,Y,N,D,3,0,0,0,22107.0,1,38.97638320922852,-123.01380157470705,2
2020,2020-12-17,840,12,4,8,4,N,B,Y,B,H,A,A,07,N,03,E,,,,,I,Y,N,A,1,0,0,0,22350.0,1,,,4
2020,2020-12-22,2500,12,4,25,2,N,A,N,A,H,D,A,07,E,03,E,,,,,I,Y,N,D,1,0,0,0,22350.0,1,38.91743087768555,-123.64157104492188,4
2020,2020-12-12,2052,12,4,20,6,Y,B,Y,B,H,C,D,22,,01,D,,,,,C,Y,N,A,1,0,0,0,23152.0,2,39.868213653564446,-123.71356964111328,2
2020,2020-12-09,348,12,4,3,3,N,A,Y,A,H,D,A,01,S,08,C,,,,Y,C,Y,N,D,1,0,0,0,22107.0,2,,,2
2020,2020-12-16,1442,12,4,14,3,N,B,Y,B,H,A,A,01,S,01,C,,,,,C,Y,N,D,2,0,0,0,23152.0,2,,,4
2020,2020-12-16,2220,12,4,22,3,N,B,Y,B,H,D,A,07,W,01,F,,,,,A,Y,N,D,1,0,0,0,23152.0,1,39.20473098754882,-123.05667114257812,3
2020,2020-12-16,525,12,4,5,3,N,C,N,B,H,D,D,22,N,05,B,,,,Y,C,Y,N,D,1,0,0,0,21460.0,2,39.177852630615234,-123.21023559570312,3
2020,2020-12-19,1952,12,4,19,6,Y,A,Y,A,H,C,A,07,,09,D,,,,,C,Y,N,A,1,0,0,0,21802.0,2,39.365421295166016,-123.81007385253906,4
2020,2020-12-24,1200,12,4,12,4,Y,A,Y,A,H,A,D,22,,09,D,,,,,C,Y,N,A,2,0,0,0,21802.0,2,39.10739135742188,-123.19558715820312,2
2020,2020-12-24,1330,12,4,13,4,N,A,N,A,H,A,A,01,S,08,E,,,,,I,Y,N,D,1,0,0,0,22107.0,1,39.08374786376953,-123.15935516357422,2
2020,2020-12-22,942,12,4,9,2,N,A,Y,A,H,A,A,08,E,03,C,,,,,C,Y,N,D,1,0,0,0,22350.0,2,39.813640594482415,-123.24810791015624,3
2020,2020-12-28,1253,12,4,12,1,N,A,Y,A,H,A,D,22,N,08,E,,,,,I,Y,N,D,1,0,0,0,22107.0,1,39.47072982788086,-123.36141204833984,3
2020,2020-12-21,1706,12,4,17,1,N,A,Y,A,H,B,A,01,E,05,A,,,,,C,Y,N,D,1,0,0,0,21460.0,2,,,4
2020,2020-12-23,945,12,4,9,3,N,A,Y,A,H,A,A,01,E,05,B,,,,,C,Y,N,D,2,0,0,0,21460.0,2,39.192428588867195,-123.04106903076172,3
2020,2020-12-24,600,12,4,6,4,N,A,Y,A,H,D,A,01,S,08,E,,,,,I,N,N,D,1,0,0,0,22107.0,1,39.16754531860352,-123.20567321777344,4
2020,2020-12-25,1420,12,4,14,5,N,C,N,B,H,A,A,07,S,01,E,,,,,I,Y,N,D,1,0,0,0,23152.0,1,,,2
2020,2020-12-25,2100,12,4,21,5,N,B,Y,B,H,D,D,22,S,03,A,,,,,I,Y,N,D,2,0,0,0,22350.0,1,39.334331512451165,-123.30403137207033,3
2020,2020-12-29,1510,12,4,15,2,N,A,Y,A,H,A,A,07,S,08,D,,,,Y,C,Y,N,D,2,0,0,0,22107.0,2,,,2
2020,2020-12-31,1114,12,4,11,4,N,B,Y,B,H,A,A,08,W,03,B,,,,,C,Y,N,D,1,0,0,0,22350.0,2,39.39118957519531,-123.7068328857422,4
2020,2020-12-31,1927,12,4,19,4,N,A,Y,A,H,D,-,- ,E,18,E,,,,,H,Y,N,D,1,0,0,0,,1,39.20035171508789,-123.04925537109376,2
2020,2020-12-23,1540,12,4,15,3,Y,B,Y,A,H,A,A,01,,01,D,,,Y,,C,Y,F,A,1,0,0,1,23152.0,2,39.65140914916992,-123.47637176513672,2
2020,2020-08-25,2305,8,2,23,2,N,A,Y,A,H,D,F,24,E,08,F,,,,Y,A,Y,N,D,0,0,0,0,22107.0,1,39.81671142578125,-123.21452331542967,1
2020,2020-09-21,200,9,3,2,1,N,A,Y,A,H,D,A,07,N,08,E,,,,,I,Y,N,D,0,0,0,0,22107.0,1,39.51275634765625,-123.7641830444336,1
2020,2020-10-14,1743,10,3,17,3,N,A,Y,A,H,A,D,22,N,05,A,,,,Y,C,Y,N,D,3,0,0,0,21460.0,3,,,1
2020,2020-08-14,1630,8,2,16,5,N,A,N,A,H,A,A,01,W,08,E,,,,,I,Y,N,D,1,0,0,0,22107.0,1,38.779888153076165,-123.53213500976562,1
2020,2020-10-08,1547,10,3,15,4,N,A,Y,A,H,A,C,02,N,03,F,,,Y,,A,Y,N,D,0,0,0,0,22350.0,1,39.56731796264648,-123.76560974121094,1
2020,2020-10-17,2500,10,3,25,6,N,A,Y,A,H,D,-,- ,S,00,F,,,,,I,Y,N,D,0,0,0,0,,1,39.11505126953125,-123.71265411376952,1
2020,2020-10-25,2345,10,3,23,7,N,A,N,A,H,D,D,22,W,01,E,,,,,I,Y,N,D,1,0,0,0,23152.0,1,39.79415893554688,-123.25143432617188,1
2020,2020-11-13,1300,11,3,13,5,N,B,Y,B,H,A,A,01,S,01,D,,,,,C,Y,N,D,0,0,0,0,23152.0,2,39.76800155639648,-123.54433441162108,1
2020,2020-11-30,1150,11,3,11,1,N,B,Y,B,H,A,A,08,S,08,E,,,,,I,Y,F,D,3,0,0,0,22107.0,1,39.909534454345696,-123.7576141357422,2
2020,2020-07-27,1221,7,2,12,1,Y,A,Y,A,H,A,-,- ,,- ,C,,,,Y,C,Y,N,A,2,0,0,0,,5,39.4489860534668,-123.80592346191406,3
2020,2020-07-28,1246,7,2,12,2,Y,A,Y,A,H,A,A,01,,03,C,,,,,C,N,M,A,1,0,0,0,22350.0,2,39.45190048217773,-123.80591583251952,4
2020,2020-07-16,1640,7,2,16,4,Y,A,Y,A,H,A,A,08,,09,H,,Y,,,G,N,F,A,1,0,1,0,21803.0,2,39.41946029663086,-123.80414581298828,4
2020,2020-11-21,1413,11,3,14,6,N,A,N,A,H,A,C,02,S,03,E,,,Y,,I,Y,F,A,1,0,0,1,22350.0,1,,,1
2020,2020-10-10,2245,10,3,22,6,N,A,Y,A,H,D,D,22,W,01,E,,,,,I,Y,N,D,0,0,0,0,23152.0,1,39.8096809387207,-123.24810028076172,1
2020,2020-06-02,852,6,2,8,2,Y,A,N,A,H,A,N,60,,11,G,Y,,,,B,N,N,A,1,1,0,0,21950.0,2,39.13618850708008,-123.20005798339844,4
2020,2020-12-25,1058,12,4,10,5,N,B,Y,B,H,A,A,01,E,03,E,,,,,I,Y,N,D,0,0,0,0,22350.0,1,39.403911590576165,-123.73564910888672,1
2020,2020-11-29,2500,11,3,25,7,N,A,Y,A,H,D,A,01,W,08,E,,,,,I,Y,N,A,2,0,0,0,22107.0,1,39.22139739990234,-123.08480072021484,1
2020,2020-09-06,230,9,3,2,7,N,A,N,A,H,C,A,01,,01,B,,,,,I,Y,F,D,1,0,0,0,23152.0,1,39.42866134643555,-123.80441284179688,4
2020,2020-07-18,1838,7,2,18,6,N,A,N,A,H,A,N,60,N,10,G,Y,,,,B,N,N,D,1,1,0,0,21950.0,2,39.13280487060546,-123.20482635498048,4
2020,2020-07-13,1539,7,2,15,1,N,A,Y,A,H,A,D,22,E,21,H,,,,,C,N,N,D,1,0,0,0,22106.0,2,39.44172286987305,-123.80602264404295,4
2020,2020-05-27,1501,5,1,15,3,N,A,N,A,H,A,L,04,E,09,D,,Y,,,G,N,N,D,1,0,1,0,21804.0,2,39.137371063232415,-123.20881652832033,3
2020,2020-09-21,1945,9,3,19,1,Y,A,Y,A,H,B,A,01,,10,G,Y,,,,B,N,F,A,1,1,0,0,21950.0,2,39.43271255493164,-123.80622863769533,3
2020,2020-10-23,1614,10,3,16,5,Y,B,N,A,H,A,A,01,,10,G,Y,,,,B,N,N,A,1,1,0,0,21952.0,2,39.44171142578125,-123.80458068847656,3
2020,2020-10-03,1123,10,3,11,6,N,A,Y,A,H,A,A,01,N,22,D,,,,,C,Y,N,D,1,0,0,0,,3,39.43829727172852,-123.8060302734375,4
2020,2020-10-11,1345,10,3,13,7,N,A,Y,A,H,A,A,01,S,03,C,,,,,C,Y,N,D,3,0,0,0,22350.0,4,39.43214797973633,-123.80625915527344,3
2020,2020-11-04,1758,11,3,17,3,Y,A,Y,A,H,D,A,01,,03,C,,,,,C,Y,N,A,2,0,0,0,22350.0,2,39.42340850830078,-123.80757904052734,3
2020,2020-11-06,2150,11,3,21,5,N,A,Y,A,H,C,A,01,S,01,E,,,,,I,Y,N,A,1,0,0,0,23152.0,1,39.44172286987305,-123.80602264404295,2
2020,2020-10-28,933,10,3,9,3,N,A,Y,A,H,A,A,01,N,09,D,,,,,C,Y,N,D,2,0,0,0,21801.0,2,39.4531135559082,-123.8058624267578,4
2020,2020-11-08,1330,11,3,13,7,N,A,Y,A,H,A,A,08,N,09,D,,,,,C,Y,M,D,2,0,0,0,21804.0,2,39.43944549560546,-123.80602264404295,3
2020,2020-07-10,1722,7,2,17,5,Y,A,N,A,H,A,-,,,00,D,,,,,C,Y,N,D,1,0,0,0,2800.0,2,39.40901184082031,-123.35352325439452,2
2020,2020-11-13,2227,11,3,22,5,Y,A,N,B,H,C,A,07,,09,D,,,,,C,Y,N,A,2,0,0,0,21802.0,2,39.149219512939446,-123.21244049072266,4
2020,2020-11-12,1342,11,3,13,4,Y,A,N,A,H,A,L,04,,05,D,,Y,,,G,N,N,A,1,0,1,0,21202.0,2,39.14131927490234,-123.20619964599608,4
2020,2020-09-23,1614,9,3,16,3,Y,A,N,A,H,A,D,22,,08,D,,,,,C,Y,N,D,2,0,0,0,22107.0,2,39.400909423828125,-123.34973907470705,2
2020,2020-03-10,807,3,1,8,2,Y,A,N,A,H,A,A,01,,09,D,,,,Y,C,Y,N,D,1,0,0,0,21804.0,2,,,2
2020,2020-10-05,1438,10,3,14,1,Y,A,N,A,H,A,A,01,,09,D,,,,,C,Y,N,A,2,0,0,0,21802.0,2,39.13605880737305,-123.19207000732422,4
2020,2020-09-07,847,9,3,8,1,Y,A,N,A,H,A,A,01,,03,E,,,,,I,Y,N,A,1,0,0,0,22350.0,2,39.1421012878418,-123.21063995361328,4
2020,2020-09-15,2202,9,3,22,2,Y,A,N,A,H,C,-,- ,,09,D,,,,,C,N,N,D,1,0,0,0,21802.0,2,39.15031814575195,-123.20970153808594,4
2020,2020-09-16,1920,9,3,19,3,Y,A,N,A,H,B,A,01,,03,D,,,,,C,Y,N,D,2,0,0,0,22350.0,2,39.16740036010742,-123.21514892578124,3
2020,2020-07-03,1140,7,2,11,5,N,A,N,A,H,A,A,07,W,08,E,,,,,I,Y,N,D,1,0,0,0,22107.0,1,,,3
2020,2020-12-31,1143,12,4,11,4,N,A,N,A,H,A,D,22,S,08,D,,,,,C,Y,N,D,1,0,0,0,22107.0,2,39.16086959838867,-123.20931243896484,4
2020,2020-12-11,1637,12,4,16,5,N,C,N,B,H,B,A,07,S,03,C,,,,,C,Y,N,A,1,0,0,0,22350.0,3,39.13719,-123.205501,4
2020,2020-12-12,1301,12,4,13,6,Y,A,Y,A,H,A,C,02,,03,B,,,Y,Y,C,Y,N,D,0,0,0,0,22350.0,2,,,1